participant,time_s,hr_bpm
participant_1,1111.409,87.0
participant_1,1112.205,75.4
participant_1,1112.933,82.4
participant_1,1113.624,86.9
participant_1,1114.362,81.2
participant_1,1115.038,88.8
participant_1,1115.843,74.5
participant_1,1116.565,83.2
participant_1,1117.215,92.2
participant_1,1117.848,94.8
participant_1,1118.471,96.3
participant_1,1119.245,77.5
participant_1,1119.918,89.1
participant_1,1120.615,86.1
participant_1,1121.248,94.7
participant_1,1121.873,96.0
participant_1,1122.553,88.2
participant_1,1123.231,88.5
participant_1,1123.905,89.0
participant_1,1124.585,88.2
participant_1,1125.258,89.2
participant_1,1125.928,89.4
participant_1,1126.676,80.3
participant_1,1127.337,90.7
participant_1,1128.148,73.9
participant_1,1129.031,68.0
participant_1,1129.875,71.1
participant_1,1130.653,77.1
participant_1,1131.436,76.6
participant_1,1132.198,78.7
participant_1,1133.143,63.5
participant_1,1133.991,70.8
participant_1,1134.84,70.7
participant_1,1135.588,80.1
participant_1,1136.432,71.1
participant_1,1137.299,69.2
participant_1,1138.162,69.5
participant_1,1139.029,69.3
participant_1,1139.877,70.8
participant_1,1140.717,71.4
participant_1,1141.43,84.1
participant_1,1142.274,71.1
participant_1,1143.229,62.8
participant_1,1144.193,62.2
participant_1,1145.057,69.5
participant_1,1146.177,53.6
participant_1,1147.05,68.8
participant_1,1147.985,64.2
participant_1,1148.775,75.9
participant_1,1149.69,65.6
participant_1,1150.559,69.0
participant_1,1151.488,64.6
participant_1,1152.328,71.4
participant_1,1153.186,70.0
participant_1,1153.995,74.1
participant_1,1154.838,71.2
participant_1,1155.672,72.0
participant_1,1156.559,67.6
participant_1,1157.447,67.6
participant_1,1158.245,75.2
participant_1,1159.076,72.2
participant_1,1159.997,65.2
participant_1,1160.759,78.8
participant_1,1161.645,67.7
participant_1,1162.437,75.8
participant_1,1163.253,73.5
participant_1,1164.159,66.2
participant_1,1165.077,65.3
participant_1,1165.961,67.9
participant_1,1166.901,63.8
participant_1,1167.732,72.1
participant_1,1168.592,69.8
participant_1,1169.511,65.3
participant_1,1170.408,66.8
participant_1,1171.173,78.4
participant_1,1171.902,82.3
participant_1,1172.62,83.6
participant_1,1173.434,73.7
participant_1,1174.213,77.1
participant_1,1174.88,89.9
participant_1,1175.608,82.5
participant_1,1176.309,85.6
participant_1,1177.004,86.2
participant_1,1177.8,75.4
participant_1,1178.757,62.7
participant_1,1179.529,77.7
participant_1,1180.367,71.7
participant_1,1181.15,76.6
participant_1,1181.922,77.7
participant_1,1182.631,84.7
participant_1,1183.433,74.8
participant_1,1184.128,86.3
participant_1,1184.915,76.2
participant_1,1185.666,79.9
participant_1,1186.362,86.2
participant_1,1187.104,80.8
participant_1,1187.785,88.1
participant_1,1188.527,80.9
participant_1,1189.302,77.4
participant_1,1190.029,82.6
participant_1,1190.723,86.4
participant_1,1191.492,78.0
participant_1,1192.257,78.4
participant_1,1193.066,74.2
participant_1,1193.769,85.4
participant_1,1194.41,93.6
participant_1,1195.052,93.5
participant_1,1195.731,88.3
participant_1,1196.436,85.1
participant_1,1197.166,82.2
participant_1,1197.808,93.4
participant_1,1198.488,88.3
participant_1,1199.153,90.3
participant_1,1199.8,92.7
participant_1,1200.46,91.0
participant_1,1201.091,95.0
participant_1,1201.797,85.0
participant_1,1202.531,81.7
participant_1,1203.318,76.2
participant_1,1203.93,98.1
participant_1,1204.667,81.4
participant_1,1205.319,92.0
participant_1,1206.134,73.6
participant_1,1207.042,66.1
participant_1,1207.778,81.5
participant_1,1208.57,75.7
participant_1,1209.239,89.7
participant_1,1210.144,66.3
participant_1,1210.792,92.5
participant_1,1211.644,70.4
participant_1,1212.387,80.8
participant_1,1213.313,64.7
participant_1,1214.051,81.3
participant_1,1214.965,65.7
participant_1,1215.615,92.2
participant_1,1216.389,77.5
participant_1,1217.242,70.3
participant_1,1217.983,81.0
participant_1,1218.746,78.6
participant_1,1219.559,73.8
participant_1,1220.531,61.8
participant_1,1221.308,77.2
participant_1,1222.1,75.8
participant_1,1222.766,90.1
participant_1,1223.632,69.3
participant_1,1224.516,67.9
participant_1,1225.361,71.0
participant_1,1226.176,73.6
participant_1,1227.049,68.7
participant_1,1227.953,66.4
participant_1,1228.793,71.4
participant_1,1229.664,68.9
participant_1,1230.548,67.9
participant_1,1231.348,75.0
participant_1,1232.216,69.1
participant_1,1233.018,74.9
participant_1,1233.891,68.7
participant_1,1234.843,63.0
participant_1,1235.598,79.5
participant_1,1236.406,74.2
participant_1,1237.31,66.4
participant_1,1238.271,62.4
participant_1,1239.026,79.4
participant_1,1239.876,70.6
participant_1,1240.858,61.1
participant_1,1241.654,75.4
participant_1,1242.447,75.6
participant_1,1243.311,69.5
participant_1,1244.214,66.4
participant_1,1245.061,70.8
participant_1,1245.907,70.9
participant_1,1246.77,69.5
participant_1,1247.7,64.5
participant_1,1248.525,72.7
participant_1,1249.4,68.6
participant_1,1250.174,77.5
participant_1,1251.136,62.4
participant_1,1251.911,77.4
participant_1,1252.768,70.0
participant_1,1253.646,68.4
participant_1,1254.436,75.9
participant_1,1255.306,68.9
participant_1,1256.182,68.5
participant_1,1256.854,89.4
participant_1,1257.763,66.0
participant_1,1258.506,80.8
participant_1,1259.377,68.9
participant_1,1260.077,85.7
participant_1,1260.977,66.6
participant_1,1261.811,71.9
participant_1,1262.707,67.0
participant_1,1263.539,72.1
participant_1,1264.462,65.0
participant_1,1265.257,75.5
participant_1,1266.095,71.6
participant_1,1266.883,76.1
participant_1,1267.831,63.3
participant_1,1268.711,68.1
participant_1,1269.532,73.1
participant_1,1270.374,71.3
participant_1,1271.265,67.3
participant_1,1272.143,68.4
participant_1,1272.942,75.1
participant_1,1273.84,66.8
participant_1,1274.562,83.1
participant_1,1275.428,69.3
participant_1,1276.255,72.5
participant_1,1277.101,70.9
participant_1,1278.079,61.4
participant_1,1278.938,69.9
participant_1,1279.63,86.6
participant_1,1280.498,69.1
participant_1,1281.314,73.5
participant_1,1282.127,73.8
participant_1,1282.919,75.8
participant_1,1283.92,60.0
participant_1,1284.7,76.9
participant_1,1285.434,81.8
participant_1,1286.239,74.5
participant_1,1287.117,68.3
participant_1,1288.019,66.5
participant_1,1288.78,78.9
participant_1,1289.476,86.2
participant_1,1290.312,71.8
participant_1,1291.175,69.6
participant_1,1291.993,73.3
participant_1,1292.847,70.3
participant_1,1293.717,69.0
participant_1,1294.444,82.5
participant_1,1295.269,72.7
participant_1,1296.133,69.5
participant_1,1296.846,84.2
participant_1,1297.691,71.0
participant_1,1298.58,67.5
participant_1,1299.314,81.7
participant_1,1300.2,67.8
participant_1,1300.986,76.3
participant_1,1301.843,70.0
participant_1,1302.801,62.6
participant_1,1303.502,85.7
participant_1,1304.301,75.1
participant_1,1305.078,77.2
participant_1,1305.877,75.1
participant_1,1306.671,75.6
participant_1,1307.571,66.7
participant_1,1308.357,76.3
participant_1,1309.213,70.1
participant_1,1310.057,71.1
participant_1,1310.956,66.8
participant_1,1311.801,71.0
participant_1,1312.565,78.5
participant_1,1313.453,67.5
participant_1,1314.313,69.8
participant_1,1315.252,63.9
participant_1,1315.981,82.3
participant_1,1316.884,66.5
participant_1,1317.737,70.3
participant_1,1318.622,67.8
participant_1,1319.483,69.7
participant_1,1320.431,63.3
participant_1,1321.325,67.1
participant_1,1322.174,70.6
participant_1,1322.996,73.0
participant_1,1323.843,70.9
participant_1,1324.77,64.7
participant_1,1325.602,72.1
participant_1,1326.502,66.7
participant_1,1327.391,67.5
participant_1,1328.399,59.5
participant_1,1329.342,63.6
participant_1,1330.113,77.8
participant_1,1330.911,75.2
participant_1,1331.823,65.8
participant_1,1332.576,79.7
participant_1,1333.378,74.9
participant_1,1334.129,79.8
participant_1,1335.057,64.7
participant_1,1335.701,93.1
participant_1,1336.545,71.1
participant_1,1337.426,68.1
participant_1,1338.369,63.7
participant_1,1339.178,74.1
participant_1,1340.026,70.8
participant_1,1340.858,72.1
participant_1,1341.752,67.1
participant_1,1342.505,79.7
participant_1,1343.303,75.2
participant_1,1344.047,80.6
participant_1,1344.87,72.9
participant_1,1345.757,67.6
participant_1,1346.429,89.3
participant_1,1347.082,91.9
participant_1,1348.051,62.0
participant_1,1348.829,77.1
participant_1,1349.698,69.0
participant_1,1350.572,68.6
participant_1,1351.439,69.2
participant_1,1352.208,78.0
participant_1,1353.142,64.3
participant_1,1353.826,87.7
participant_1,1354.616,75.9
participant_1,1355.464,70.8
participant_1,1356.267,74.7
participant_1,1357.099,72.1
participant_1,1358.017,65.4
participant_1,1358.818,74.9
participant_1,1359.608,75.9
participant_1,1360.464,70.1
participant_1,1361.306,71.3
participant_1,1362.13,72.8
participant_1,1362.964,72.0
participant_1,1363.751,76.2
participant_1,1364.629,68.4
participant_1,1365.598,61.9
participant_1,1366.501,66.5
participant_1,1367.406,66.2
participant_1,1368.267,69.7
participant_1,1369.063,75.5
participant_1,1369.837,77.5
participant_1,1370.533,86.1
participant_1,1371.233,85.7
participant_1,1371.932,85.9
participant_1,1372.647,83.9
participant_1,1373.405,79.2
participant_1,1374.171,78.4
participant_1,1374.978,74.3
participant_1,1375.777,75.1
participant_1,1376.58,74.7
participant_1,1377.342,78.7
participant_1,1378.092,79.9
participant_1,1378.85,79.2
participant_1,1379.641,75.8
participant_1,1380.476,71.9
participant_1,1381.301,72.7
participant_1,1382.138,71.7
participant_1,1382.931,75.6
participant_1,1383.776,71.0
participant_1,1384.579,74.8
participant_1,1385.463,67.8
participant_1,1386.231,78.1
participant_1,1387.034,74.7
participant_1,1387.819,76.4
participant_1,1388.715,67.0
participant_1,1389.528,73.8
participant_1,1390.39,69.6
participant_1,1391.229,71.5
participant_1,1392.182,62.9
participant_1,1393.017,71.8
participant_1,1393.873,70.1
participant_1,1394.787,65.7
participant_1,1395.58,75.6
participant_1,1396.406,72.7
participant_1,1397.309,66.5
participant_1,1398.252,63.7
participant_1,1399.202,63.1
participant_1,1400.026,72.8
participant_1,1400.816,76.0
participant_1,1401.665,70.7
participant_1,1402.557,67.3
participant_1,1403.376,73.3
participant_1,1404.243,69.2
participant_1,1405.13,67.7
participant_1,1406.016,67.7
participant_1,1406.985,61.9
participant_1,1407.736,79.9
participant_1,1408.686,63.2
participant_1,1409.579,67.2
participant_1,1410.539,62.5
participant_2,1111.345,73.9
participant_2,1112.262,65.5
participant_2,1113.166,66.3
participant_2,1114.031,69.4
participant_2,1114.951,65.2
participant_2,1115.865,65.7
participant_2,1116.86,60.3
participant_2,1117.845,60.9
participant_2,1118.587,80.9
participant_2,1119.526,63.9
participant_2,1120.566,57.7
participant_2,1121.351,76.4
participant_2,1122.436,55.3
participant_2,1123.341,66.3
participant_2,1124.373,58.1
participant_2,1125.355,61.1
participant_2,1126.332,61.4
participant_2,1127.351,58.9
participant_2,1128.318,62.1
participant_2,1129.307,60.7
participant_2,1130.334,58.4
participant_2,1131.283,63.2
participant_2,1132.267,61.0
participant_2,1133.174,66.1
participant_2,1134.156,61.1
participant_2,1135.068,65.8
participant_2,1135.964,67.0
participant_2,1136.896,64.4
participant_2,1137.944,57.3
participant_2,1138.791,70.8
participant_2,1139.535,80.7
participant_2,1140.174,93.9
participant_2,1141.289,53.8
participant_2,1142.214,64.8
participant_2,1143.171,62.7
participant_2,1144.209,57.8
participant_2,1145.129,65.2
participant_2,1146.164,58.0
participant_2,1147.179,59.1
participant_2,1148.057,68.4
participant_2,1149.085,58.3
participant_2,1150.068,61.1
participant_2,1150.946,68.3
participant_2,1151.905,62.6
participant_2,1152.892,60.8
participant_2,1153.725,72.0
participant_2,1154.649,64.9
participant_2,1155.42,77.8
participant_2,1156.479,56.7
participant_2,1157.508,58.3
participant_2,1158.423,65.5
participant_2,1159.407,61.0
participant_2,1160.316,66.0
participant_2,1161.084,78.2
participant_2,1162.017,64.3
participant_2,1163.118,54.5
participant_2,1163.884,78.3
participant_2,1164.694,74.0
participant_2,1165.351,91.3
participant_2,1166.214,69.5
participant_2,1167.13,65.5
participant_2,1168.146,59.0
participant_2,1168.995,70.7
participant_2,1169.877,68.0
participant_2,1170.733,70.1
participant_2,1171.551,73.3
participant_2,1172.274,83.0
participant_2,1173.041,78.3
participant_2,1173.728,87.4
participant_2,1174.569,71.3
participant_2,1175.283,84.0
participant_2,1176.007,82.9
participant_2,1176.756,80.1
participant_2,1177.526,77.9
participant_2,1178.269,80.8
participant_2,1178.866,100.4
participant_2,1179.803,64.0
participant_2,1180.73,64.8
participant_2,1181.61,68.2
participant_2,1182.547,64.0
participant_2,1183.525,61.4
participant_2,1184.241,83.7
participant_2,1185.16,65.3
participant_2,1186.144,61.0
participant_2,1186.883,81.2
participant_2,1187.718,71.9
participant_2,1188.717,60.1
participant_2,1189.646,64.6
participant_2,1190.395,80.1
participant_2,1191.306,65.8
participant_2,1192.093,76.3
participant_2,1192.889,75.3
participant_2,1193.795,66.3
participant_2,1194.565,77.9
participant_2,1195.475,66.0
participant_2,1196.342,69.1
participant_2,1197.045,85.5
participant_2,1197.917,68.8
participant_2,1198.673,79.4
participant_2,1199.454,76.8
participant_2,1200.083,95.4
participant_2,1200.881,75.2
participant_2,1201.664,76.6
participant_2,1202.409,80.6
participant_2,1203.12,84.3
participant_2,1203.919,75.1
participant_2,1204.639,83.4
participant_2,1205.338,85.8
participant_2,1206.021,87.8
participant_2,1206.644,96.3
participant_2,1207.284,93.8
participant_2,1207.933,92.4
participant_2,1208.614,88.1
participant_2,1209.4,76.3
participant_2,1210.048,92.6
participant_2,1210.988,63.8
participant_2,1211.838,70.6
participant_2,1212.584,80.4
participant_2,1213.375,75.9
participant_2,1214.361,60.9
participant_2,1215.211,70.5
participant_2,1215.975,78.5
participant_2,1216.658,87.9
participant_2,1217.683,58.6
participant_2,1218.655,61.7
participant_2,1219.369,84.1
participant_2,1219.937,105.6
participant_2,1220.743,74.4
participant_2,1221.792,57.2
participant_2,1222.854,56.5
participant_2,1223.719,69.4
participant_2,1224.526,74.3
participant_2,1225.426,66.7
participant_2,1226.41,60.9
participant_2,1227.106,86.2
participant_2,1228.11,59.8
participant_2,1229.014,66.4
participant_2,1229.73,83.8
participant_2,1230.706,61.4
participant_2,1231.71,59.8
participant_2,1232.449,81.3
participant_2,1233.395,63.4
participant_2,1234.259,69.5
participant_2,1235.05,75.9
participant_2,1235.842,75.7
participant_2,1236.797,62.9
participant_2,1237.651,70.2
participant_2,1238.359,84.8
participant_2,1239.026,89.9
participant_2,1239.717,86.9
participant_2,1240.689,61.7
participant_2,1241.677,60.8
participant_2,1242.622,63.5
participant_2,1243.549,64.7
participant_2,1244.536,60.8
participant_2,1245.467,64.4
participant_2,1246.461,60.3
participant_2,1247.252,75.9
participant_2,1248.242,60.6
participant_2,1249.269,58.5
participant_2,1250.242,61.6
participant_2,1251.066,72.8
participant_2,1252.056,60.6
participant_2,1253.054,60.1
participant_2,1254.065,59.3
participant_2,1255.044,61.3
participant_2,1256.039,60.3
participant_2,1257.049,59.4
participant_2,1258.016,62.1
participant_2,1259.045,58.3
participant_2,1259.97,64.8
participant_2,1260.914,63.6
participant_2,1261.911,60.2
participant_2,1262.881,61.9
participant_2,1263.893,59.3
participant_2,1264.861,62.0
participant_2,1265.787,64.8
participant_2,1266.673,67.7
participant_2,1267.637,62.3
participant_2,1268.629,60.5
participant_2,1269.511,68.0
participant_2,1270.398,67.6
participant_2,1271.356,62.6
participant_2,1272.304,63.3
participant_2,1273.348,57.4
participant_2,1274.262,65.7
participant_2,1275.097,71.9
participant_2,1276.113,59.0
participant_2,1277.049,64.1
participant_2,1277.904,70.2
participant_2,1278.785,68.2
participant_2,1279.71,64.8
participant_2,1280.493,76.6
participant_2,1281.555,56.5
participant_2,1282.479,64.9
participant_2,1283.255,77.4
participant_2,1283.999,80.6
participant_2,1284.868,69.0
participant_2,1285.837,61.9
participant_2,1286.577,81.1
participant_2,1287.421,71.1
participant_2,1288.416,60.2
participant_2,1289.39,61.6
participant_2,1290.16,77.9
participant_2,1290.812,92.0
participant_2,1291.68,69.1
participant_2,1292.73,57.1
participant_2,1293.739,59.5
participant_2,1294.586,70.9
participant_2,1295.583,60.2
participant_2,1296.571,60.7
participant_2,1297.4,72.3
participant_2,1298.152,79.8
participant_2,1298.9,80.2
participant_2,1299.758,69.9
participant_2,1300.596,71.6
participant_2,1301.541,63.5
participant_2,1302.489,63.3
participant_2,1303.402,65.7
participant_2,1304.318,65.5
participant_2,1305.302,60.9
participant_2,1306.163,69.7
participant_2,1307.167,59.8
participant_2,1308.127,62.4
participant_2,1309.094,62.1
participant_2,1310.023,64.6
participant_2,1310.933,66.0
participant_2,1312.01,55.7
participant_2,1312.985,61.5
participant_2,1313.945,62.5
participant_2,1314.856,65.9
participant_2,1315.676,73.2
participant_2,1316.656,61.2
participant_2,1317.612,62.8
participant_2,1318.408,75.3
participant_2,1319.427,58.9
participant_2,1320.312,67.8
participant_2,1321.119,74.4
participant_2,1322.17,57.1
participant_2,1323.019,70.7
participant_2,1323.904,67.8
participant_2,1324.892,60.8
participant_2,1325.896,59.7
participant_2,1326.825,64.6
participant_2,1327.749,64.9
participant_2,1328.703,62.9
participant_2,1329.699,60.2
participant_2,1330.702,59.8
participant_2,1331.628,64.8
participant_2,1332.609,61.2
participant_2,1333.579,61.8
participant_2,1334.335,79.4
participant_2,1335.413,55.6
participant_2,1336.424,59.4
participant_2,1337.331,66.2
participant_2,1338.275,63.6
participant_2,1339.224,63.2
participant_2,1340.253,58.3
participant_2,1341.221,62.0
participant_2,1342.103,68.0
participant_2,1343.073,61.9
participant_2,1344.14,56.2
participant_2,1345.028,67.5
participant_2,1346.02,60.5
participant_2,1347.006,60.9
participant_2,1347.776,77.9
participant_2,1348.426,92.4
participant_2,1349.406,61.2
participant_2,1350.348,63.7
participant_2,1350.983,94.4
participant_2,1351.699,83.9
participant_2,1352.465,78.3
participant_2,1353.185,83.2
participant_2,1353.929,80.7
participant_2,1354.605,88.7
participant_2,1355.203,100.4
participant_2,1355.788,102.5
participant_2,1356.39,99.7
participant_2,1357.003,97.9
participant_2,1357.675,89.3
participant_2,1358.477,74.8
participant_2,1359.077,99.9
participant_2,1359.778,85.6
participant_2,1360.362,102.8
participant_2,1360.94,103.8
participant_2,1361.567,95.7
participant_2,1362.249,87.9
participant_2,1362.961,84.3
participant_2,1363.784,72.9
participant_2,1364.535,79.9
participant_2,1365.359,72.9
participant_2,1366.262,66.4
participant_2,1367.186,64.9
participant_2,1367.97,76.5
participant_2,1368.852,68.1
participant_2,1369.813,62.4
participant_2,1370.603,76.0
participant_2,1371.456,70.4
participant_2,1372.356,66.6
participant_2,1373.342,60.9
participant_2,1374.153,73.9
participant_2,1375.128,61.5
participant_2,1376.059,64.5
participant_2,1377.042,61.0
participant_2,1377.911,69.1
participant_2,1378.852,63.7
participant_2,1379.784,64.4
participant_2,1380.659,68.6
participant_2,1381.391,81.9
participant_2,1382.248,70.0
participant_2,1383.07,73.0
participant_2,1384.034,62.2
participant_2,1385.037,59.8
participant_2,1385.994,62.7
participant_2,1386.997,59.8
participant_2,1387.947,63.2
participant_2,1388.81,69.5
participant_2,1389.554,80.6
participant_2,1390.458,66.4
participant_2,1391.305,70.8
participant_2,1392.199,67.1
participant_2,1393.049,70.6
participant_2,1393.99,63.7
participant_2,1394.873,68.0
participant_2,1395.766,67.2
participant_2,1396.7,64.2
participant_2,1397.592,67.3
participant_2,1398.624,58.1
participant_2,1399.486,69.6
participant_2,1400.481,60.3
participant_2,1401.341,69.8
participant_2,1402.297,62.8
participant_2,1403.172,68.6
participant_2,1404.16,60.7
participant_2,1405.107,63.4
participant_2,1405.976,69.1
participant_2,1407.047,56.0
participant_2,1407.865,73.4
participant_2,1408.808,63.6
participant_2,1409.554,80.5
participant_2,1410.491,64.0
participant_3,1111.131,79.2
participant_3,1111.886,79.5
participant_3,1112.577,86.8
participant_3,1113.289,84.3
participant_3,1114.059,77.9
participant_3,1114.715,91.5
participant_3,1115.387,89.2
participant_3,1116.014,95.7
participant_3,1116.689,88.9
participant_3,1117.331,93.4
participant_3,1117.998,90.0
participant_3,1118.627,95.3
participant_3,1119.291,90.3
participant_3,1119.935,93.2
participant_3,1120.71,77.4
participant_3,1121.399,87.1
participant_3,1122.15,79.9
participant_3,1122.826,88.7
participant_3,1123.572,80.5
participant_3,1124.354,76.8
participant_3,1125.102,80.2
participant_3,1125.808,85.0
participant_3,1126.404,100.7
participant_3,1127.176,77.6
participant_3,1127.929,79.7
participant_3,1128.594,90.3
participant_3,1129.336,80.8
participant_3,1130.011,89.0
participant_3,1130.729,83.6
participant_3,1131.373,93.2
participant_3,1132.077,85.2
participant_3,1132.682,99.3
participant_3,1133.363,88.0
participant_3,1133.981,97.1
participant_3,1134.708,82.5
participant_3,1135.303,100.9
participant_3,1136.064,78.8
participant_3,1136.76,86.2
participant_3,1137.628,69.1
participant_3,1138.339,84.4
participant_3,1139.051,84.2
participant_3,1139.74,87.0
participant_3,1140.381,93.7
participant_3,1141.096,83.9
participant_3,1141.813,83.7
participant_3,1142.504,86.9
participant_3,1143.142,94.0
participant_3,1143.795,91.9
participant_3,1144.441,92.8
participant_3,1145.168,82.6
participant_3,1145.773,99.1
participant_3,1146.462,87.1
participant_3,1147.08,97.0
participant_3,1147.799,83.5
participant_3,1148.417,97.2
participant_3,1149.082,90.2
participant_3,1149.696,97.7
participant_3,1150.369,89.2
participant_3,1151.081,84.3
participant_3,1151.714,94.7
participant_3,1152.457,80.8
participant_3,1153.251,75.5
participant_3,1154.09,71.5
participant_3,1154.874,76.6
participant_3,1155.741,69.2
participant_3,1156.573,72.1
participant_3,1157.357,76.5
participant_3,1158.226,69.1
participant_3,1158.98,79.5
participant_3,1159.679,85.9
participant_3,1160.413,81.7
participant_3,1161.071,91.2
participant_3,1161.769,86.0
participant_3,1162.402,94.8
participant_3,1163.088,87.4
participant_3,1163.682,101.0
participant_3,1164.436,79.6
participant_3,1165.16,82.9
participant_3,1165.821,90.8
participant_3,1166.498,88.6
participant_3,1167.143,92.9
participant_3,1167.861,83.6
participant_3,1168.477,97.4
participant_3,1169.11,94.7
participant_3,1169.751,93.7
participant_3,1170.451,85.7
participant_3,1171.145,86.5
participant_3,1172.014,69.0
participant_3,1172.775,78.9
participant_3,1173.565,75.9
participant_3,1174.38,73.6
participant_3,1175.21,72.3
participant_3,1176.02,74.1
participant_3,1176.68,91.0
participant_3,1177.363,87.8
participant_3,1178.158,75.5
participant_3,1178.811,91.9
participant_3,1179.51,85.8
participant_3,1180.153,93.3
participant_3,1180.793,93.8
participant_3,1181.461,89.7
participant_3,1182.182,83.3
participant_3,1182.794,98.1
participant_3,1183.485,86.8
participant_3,1184.149,90.3
participant_3,1184.87,83.2
participant_3,1185.534,90.3
participant_3,1186.255,83.2
participant_3,1186.878,96.3
participant_3,1187.552,89.0
participant_3,1188.29,81.3
participant_3,1188.974,87.7
participant_3,1189.638,90.4
participant_3,1190.314,88.7
participant_3,1191.033,83.5
participant_3,1191.704,89.3
participant_3,1192.427,83.1
participant_3,1193.06,94.7
participant_3,1193.668,98.7
participant_3,1194.305,94.3
participant_3,1194.924,96.8
participant_3,1195.646,83.1
participant_3,1196.336,87.0
participant_3,1197.222,67.7
participant_3,1198.194,61.7
participant_3,1199.079,67.8
participant_3,1199.972,67.2
participant_3,1200.825,70.3
participant_3,1201.786,62.4
participant_3,1202.631,71.0
participant_3,1203.347,83.9
participant_3,1204.058,84.3
participant_3,1204.649,101.5
participant_3,1205.386,81.5
participant_3,1206.016,95.2
participant_3,1206.764,80.2
participant_3,1207.435,89.3
participant_3,1208.092,91.3
participant_3,1208.768,88.8
participant_3,1209.425,91.4
participant_3,1210.099,89.0
participant_3,1210.719,96.7
participant_3,1211.416,86.1
participant_3,1212.07,91.8
participant_3,1212.697,95.6
participant_3,1213.33,94.9
participant_3,1214.078,80.2
participant_3,1214.75,89.3
participant_3,1215.531,76.8
participant_3,1216.21,88.3
participant_3,1216.839,95.5
participant_3,1217.477,94.0
participant_3,1218.166,87.1
participant_3,1218.825,91.1
participant_3,1219.486,90.7
participant_3,1220.152,90.1
participant_3,1220.803,92.1
participant_3,1221.469,90.1
participant_3,1222.115,92.9
participant_3,1222.74,96.0
participant_3,1223.392,92.0
participant_3,1224.065,89.1
participant_3,1224.735,89.6
participant_3,1225.479,80.6
participant_3,1226.104,96.1
participant_3,1226.72,97.4
participant_3,1227.358,94.0
participant_3,1228.027,89.7
participant_3,1228.668,93.6
participant_3,1229.342,89.0
participant_3,1229.904,106.7
participant_3,1230.594,87.0
participant_3,1231.227,94.8
participant_3,1231.947,83.4
participant_3,1232.695,80.1
participant_3,1233.566,68.9
participant_3,1234.356,75.9
participant_3,1235.185,72.4
participant_3,1236.01,72.8
participant_3,1236.722,84.2
participant_3,1237.469,80.4
participant_3,1238.186,83.6
participant_3,1238.849,90.6
participant_3,1239.585,81.5
participant_3,1240.148,106.6
participant_3,1240.837,87.1
participant_3,1241.421,102.7
participant_3,1242.155,81.8
participant_3,1242.824,89.7
participant_3,1243.473,92.4
participant_3,1244.151,88.5
participant_3,1244.82,89.7
participant_3,1245.512,86.7
participant_3,1246.221,84.6
participant_3,1246.909,87.3
participant_3,1247.549,93.8
participant_3,1248.24,86.8
participant_3,1248.973,81.8
participant_3,1249.62,92.8
participant_3,1250.314,86.4
participant_3,1250.963,92.5
participant_3,1251.58,97.3
participant_3,1252.24,90.8
participant_3,1252.864,96.2
participant_3,1253.474,98.3
participant_3,1254.168,86.5
participant_3,1254.765,100.4
participant_3,1255.468,85.4
participant_3,1256.196,82.5
participant_3,1256.861,90.1
participant_3,1257.557,86.2
participant_3,1258.209,92.1
participant_3,1258.941,81.9
participant_3,1259.575,94.6
participant_3,1260.249,89.1
participant_3,1260.83,103.2
participant_3,1261.517,87.4
participant_3,1262.112,100.8
participant_3,1262.761,92.4
participant_3,1263.328,105.9
participant_3,1264.016,87.2
participant_3,1264.848,72.1
participant_3,1265.71,69.6
participant_3,1266.689,61.3
participant_3,1267.498,74.1
participant_3,1268.42,65.1
participant_3,1269.414,60.4
participant_3,1270.268,70.3
participant_3,1271.152,67.8
participant_3,1271.958,74.5
participant_3,1272.843,67.8
participant_3,1273.588,80.5
participant_3,1274.321,81.8
participant_3,1274.966,93.0
participant_3,1275.643,88.6
participant_3,1276.314,89.5
participant_3,1276.976,90.6
participant_3,1277.598,96.5
participant_3,1278.291,86.5
participant_3,1278.894,99.6
participant_3,1279.683,76.1
participant_3,1280.326,93.2
participant_3,1281.052,82.7
participant_3,1281.714,90.6
participant_3,1282.417,85.4
participant_3,1283.109,86.7
participant_3,1283.779,89.5
participant_3,1284.394,97.5
participant_3,1285.021,95.8
participant_3,1285.693,89.2
participant_3,1286.316,96.3
participant_3,1287.032,83.8
participant_3,1287.67,94.0
participant_3,1288.507,71.7
participant_3,1289.315,74.3
participant_3,1290.074,79.0
participant_3,1290.698,96.1
participant_3,1291.34,93.6
participant_3,1292.065,82.7
participant_3,1292.762,86.1
participant_3,1293.414,92.0
participant_3,1294.059,93.0
participant_3,1294.742,87.9
participant_3,1295.339,100.5
participant_3,1296.049,84.5
participant_3,1296.64,101.7
participant_3,1297.299,91.0
participant_3,1297.886,102.2
participant_3,1298.531,93.0
participant_3,1299.211,88.2
participant_3,1300.005,75.6
participant_3,1300.793,76.1
participant_3,1301.667,68.7
participant_3,1302.553,67.7
participant_3,1303.479,64.8
participant_3,1304.293,73.7
participant_3,1305.187,67.1
participant_3,1306.019,72.1
participant_3,1306.707,87.2
participant_3,1307.408,85.6
participant_3,1308.055,92.6
participant_3,1308.721,90.2
participant_3,1309.36,93.9
participant_3,1309.997,94.2
participant_3,1310.653,91.4
participant_3,1311.296,93.3
participant_3,1311.909,97.9
participant_3,1312.579,89.5
participant_3,1313.233,91.8
participant_3,1313.947,84.0
participant_3,1314.624,88.6
participant_3,1315.345,83.1
participant_3,1316.101,79.4
participant_3,1316.778,88.7
participant_3,1317.441,90.5
participant_3,1318.127,87.4
participant_3,1318.719,101.4
participant_3,1319.413,86.5
participant_3,1320.083,89.5
participant_3,1320.716,94.8
participant_3,1321.317,99.9
participant_3,1321.943,95.9
participant_3,1322.502,107.2
participant_3,1323.204,85.6
participant_3,1323.825,96.6
participant_3,1324.62,75.5
participant_3,1325.408,76.2
participant_3,1326.332,64.9
participant_3,1327.248,65.5
participant_3,1328.119,68.9
participant_3,1328.93,74.0
participant_3,1329.745,73.7
participant_3,1330.393,92.5
participant_3,1331.069,88.7
participant_3,1331.712,93.4
participant_3,1332.322,98.4
participant_3,1333.049,82.5
participant_3,1333.647,100.4
participant_3,1334.317,89.5
participant_3,1334.911,101.0
participant_3,1335.548,94.2
participant_3,1336.165,97.3
participant_3,1336.862,86.1
participant_3,1337.49,95.5
participant_3,1338.201,84.4
participant_3,1338.833,94.9
participant_3,1339.521,87.1
participant_3,1340.224,85.4
participant_3,1340.837,97.9
participant_3,1341.442,99.2
participant_3,1342.106,90.4
participant_3,1342.7,101.0
participant_3,1343.408,84.7
participant_3,1344.004,100.6
participant_3,1344.658,91.9
participant_3,1345.259,99.8
participant_3,1345.989,82.1
participant_3,1346.681,86.8
participant_3,1347.445,78.5
participant_3,1348.134,87.1
participant_3,1348.833,85.8
participant_3,1349.511,88.6
participant_3,1350.249,81.3
participant_3,1350.928,88.5
participant_3,1351.567,93.8
participant_3,1352.224,91.4
participant_3,1352.863,93.8
participant_3,1353.542,88.4
participant_3,1354.166,96.2
participant_3,1354.748,103.0
participant_3,1355.39,93.5
participant_3,1356.076,87.4
participant_3,1356.885,74.2
participant_3,1357.687,74.8
participant_3,1358.469,76.8
participant_3,1359.173,85.1
participant_3,1359.952,77.1
participant_3,1360.63,88.5
participant_3,1361.326,86.1
participant_3,1361.993,90.0
participant_3,1362.641,92.6
participant_3,1363.283,93.5
participant_3,1363.969,87.4
participant_3,1364.544,104.4
participant_3,1365.24,86.1
participant_3,1365.823,103.0
participant_3,1366.534,84.4
participant_3,1367.188,91.8
participant_3,1367.832,93.1
participant_3,1368.399,105.9
participant_3,1369.114,83.9
participant_3,1369.677,106.5
participant_3,1370.416,81.2
participant_3,1371.109,86.7
participant_3,1371.712,99.5
participant_3,1372.336,96.2
participant_3,1372.928,101.2
participant_3,1373.582,91.8
participant_3,1374.224,93.5
participant_3,1374.822,100.2
participant_3,1375.464,93.6
participant_3,1376.074,98.3
participant_3,1376.75,88.7
participant_3,1377.393,93.4
participant_3,1378.149,79.4
participant_3,1378.776,95.6
participant_3,1379.456,88.3
participant_3,1380.21,79.5
participant_3,1380.885,88.9
participant_3,1381.572,87.3
participant_3,1382.245,89.2
participant_3,1382.931,87.5
participant_3,1383.633,85.4
participant_3,1384.301,89.9
participant_3,1384.98,88.4
participant_3,1385.523,110.5
participant_3,1386.166,93.3
participant_3,1386.838,89.3
participant_3,1387.407,105.5
participant_3,1388.072,90.2
participant_3,1388.703,95.1
participant_3,1389.311,98.6
participant_3,1389.952,93.6
participant_3,1390.675,83.0
participant_3,1391.283,98.7
participant_3,1392.003,83.4
participant_3,1392.696,86.5
participant_3,1393.42,82.9
participant_3,1394.105,87.6
participant_3,1394.786,88.0
participant_3,1395.431,93.1
participant_3,1396.101,89.6
participant_3,1396.685,102.7
participant_3,1397.432,80.4
participant_3,1397.99,107.4
participant_3,1398.669,88.3
participant_3,1399.264,100.9
participant_3,1399.851,102.2
participant_3,1400.528,88.6
participant_3,1401.202,89.1
participant_3,1401.773,105.1
participant_3,1402.43,91.3
participant_3,1403.072,93.5
participant_3,1403.766,86.5
participant_3,1404.363,100.5
participant_3,1405.06,86.1
participant_3,1405.671,98.2
participant_3,1406.359,87.3
participant_3,1407.036,88.6
participant_3,1407.691,91.7
participant_3,1408.3,98.5
participant_3,1408.965,90.3
participant_3,1409.561,100.7
participant_3,1410.219,91.1
