pair,time_s,r
p1p2,30.0,-0.26
p1p2,40.0,-0.1499
p1p2,50.0,-0.2712
p1p2,60.0,-0.1445
p1p2,70.0,0.0135
p1p2,80.0,0.1694
p1p2,90.0,0.1187
p1p2,100.0,0.0907
p1p2,110.0,0.3669
p1p2,120.0,0.2294
p1p2,130.0,0.2341
p1p2,140.0,-0.0946
p1p2,150.0,0.0076
p1p2,160.0,0.0658
p1p2,170.0,0.0395
p1p2,180.0,0.1946
p1p2,190.0,0.1519
p1p2,200.0,0.0841
p1p2,210.0,0.1238
p1p2,220.0,0.1024
p1p2,230.0,0.1446
p1p2,240.0,-0.1348
p1p2,250.0,-0.1245
p1p2,260.0,-0.0858
p1p2,270.0,-0.0725
p1p2,280.0,-0.1517
p1p2,290.0,-0.1629
p1p2,300.0,-0.0455
p1p2,310.0,0.0628
p1p2,320.0,0.2263
p1p2,330.0,0.2116
p1p2,340.0,0.2482
p1p2,350.0,0.3582
p1p2,360.0,0.3336
p1p2,370.0,0.1544
p1p2,380.0,0.0835
p1p2,390.0,0.0836
p1p2,400.0,0.1183
p1p2,410.0,0.1803
p1p2,420.0,0.3373
p1p2,430.0,0.3924
p1p2,440.0,0.4855
p1p2,450.0,0.4817
p1p2,460.0,0.4052
p1p2,470.0,0.2061
p1p2,480.0,-0.2154
p1p2,490.0,-0.1722
p1p2,500.0,0.1397
p1p2,510.0,0.2447
p1p2,520.0,0.2448
p1p2,530.0,0.1729
p1p2,540.0,0.2487
p1p2,550.0,0.1486
p1p2,560.0,0.169
p1p2,570.0,0.268
p1p2,580.0,0.2016
p1p2,590.0,0.1529
p1p2,600.0,-0.0277
p1p2,610.0,-0.112
p1p2,620.0,-0.1698
p1p2,630.0,-0.1548
p1p2,640.0,-0.0369
p1p2,650.0,-0.0738
p1p2,660.0,-0.0033
p1p2,670.0,0.1041
p1p2,680.0,0.0461
p1p2,690.0,-0.017
p1p2,700.0,-0.0714
p1p2,710.0,0.2272
p1p2,720.0,0.0894
p1p2,730.0,-0.1222
p1p2,740.0,-0.0151
p1p2,750.0,0.1216
p1p2,760.0,-0.0219
p1p2,770.0,-0.0948
p1p2,780.0,-0.1767
p1p2,790.0,-0.1706
p1p2,800.0,-0.2032
p1p2,810.0,-0.171
p1p2,820.0,-0.2432
p1p2,830.0,-0.2762
p1p2,840.0,-0.001
p1p2,850.0,0.2262
p1p2,860.0,0.1243
p1p2,870.0,0.1707
p1p2,880.0,0.2575
p1p2,890.0,0.306
p1p2,900.0,0.1192
p1p2,910.0,0.1116
p1p2,920.0,0.0583
p1p2,930.0,-0.0246
p1p2,940.0,0.1624
p1p2,950.0,0.0913
p1p2,960.0,-0.0712
p1p2,970.0,-0.1933
p1p2,980.0,0.2818
p1p2,990.0,0.1993
p1p2,1000.0,0.1258
p1p2,1010.0,0.1118
p1p2,1020.0,0.0407
p1p2,1030.0,0.1866
p1p2,1040.0,0.3047
p1p2,1050.0,0.3046
p1p2,1060.0,0.4781
p1p2,1070.0,0.4503
p1p2,1080.0,0.5504
p1p2,1090.0,0.4142
p1p2,1100.0,0.225
p1p2,1110.0,0.0906
p1p2,1120.0,0.0423
p1p2,1130.0,0.0792
p1p2,1140.0,-0.1014
p1p2,1150.0,0.0378
p1p2,1160.0,0.2684
p1p2,1170.0,0.3009
p1p2,1180.0,0.2585
p1p2,1190.0,0.0386
p1p2,1200.0,-0.0632
p1p2,1210.0,-0.0054
p1p2,1220.0,0.1348
p1p2,1230.0,0.1627
p1p2,1240.0,-0.1078
p1p2,1250.0,-0.1633
p1p2,1260.0,-0.1179
p1p2,1270.0,-0.1032
p1p2,1280.0,-0.1059
p1p2,1290.0,-0.005
p1p2,1300.0,-0.0026
p1p2,1310.0,-0.053
p1p2,1320.0,-0.1189
p1p2,1330.0,-0.0263
p1p2,1340.0,-0.0069
p1p2,1350.0,-0.0922
p1p2,1360.0,-0.21
p1p2,1370.0,-0.1357
p1p2,1380.0,0.059
p1p2,1390.0,0.1278
p1p2,1400.0,0.2484
p1p2,1410.0,0.2753
p1p2,1420.0,0.2132
p1p2,1430.0,0.2257
p1p2,1440.0,0.2351
p1p2,1450.0,0.2019
p1p2,1460.0,0.0835
p1p2,1470.0,-0.0343
p1p2,1480.0,0.0569
p1p2,1490.0,-0.0913
p1p2,1500.0,-0.1962
p1p2,1510.0,-0.1804
p1p2,1520.0,-0.0934
p1p2,1530.0,0.0127
p1p2,1540.0,0.0076
p1p2,1550.0,0.0532
p1p2,1560.0,0.2238
p1p2,1570.0,0.1692
p1p2,1580.0,0.0378
p1p2,1590.0,-0.1433
p1p2,1600.0,-0.1115
p1p2,1610.0,-0.19
p1p2,1620.0,-0.0222
p1p2,1630.0,-0.0068
p1p2,1640.0,-0.1053
p1p2,1650.0,0.1271
p1p2,1660.0,0.2037
p1p2,1670.0,0.0181
p1p2,1680.0,0.0459
p1p2,1690.0,0.0738
p1p2,1700.0,0.0865
p1p2,1710.0,0.0486
p1p2,1720.0,0.0529
p1p2,1730.0,0.1041
p1p2,1740.0,0.0537
p1p2,1750.0,-0.1815
p1p2,1760.0,-0.2384
p1p2,1770.0,-0.3018
p1p2,1780.0,-0.3125
p1p2,1790.0,-0.1922
p1p2,1800.0,-0.1811
p1p2,1810.0,-0.135
p1p2,1820.0,-0.1374
p1p2,1830.0,-0.1129
p1p2,1840.0,0.1166
p1p2,1850.0,-0.0464
p1p2,1860.0,-0.1489
p1p2,1870.0,-0.1826
p1p2,1880.0,-0.1984
p1p2,1890.0,-0.2332
p1p2,1900.0,-0.2566
p1p2,1910.0,-0.2816
p1p2,1920.0,-0.2229
p1p2,1930.0,-0.2717
p1p2,1940.0,-0.1092
p1p2,1950.0,-0.0425
p1p2,1960.0,-0.1726
p1p2,1970.0,-0.1659
p1p2,1980.0,-0.2144
p1p2,1990.0,-0.1835
p1p2,2000.0,-0.1722
p1p2,2010.0,-0.2367
p1p2,2020.0,-0.099
p1p2,2030.0,-0.0747
p1p2,2040.0,-0.0546
p1p2,2050.0,0.058
p1p2,2060.0,-0.1933
p1p2,2070.0,-0.1949
p1p2,2080.0,-0.1416
p1p2,2090.0,-0.127
p1p2,2100.0,-0.1561
p1p2,2110.0,-0.1144
p1p2,2120.0,-0.0402
p1p2,2130.0,-0.1207
p1p2,2140.0,-0.1262
p1p2,2150.0,-0.1577
p1p2,2160.0,0.001
p1p2,2170.0,-0.0304
p1p2,2180.0,0.0009
p1p2,2190.0,0.1195
p1p2,2200.0,0.0852
p1p2,2210.0,0.1056
p1p2,2220.0,0.1577
p1p2,2230.0,0.1385
p1p2,2240.0,0.0429
p1p2,2250.0,-0.0329
p1p2,2260.0,0.0773
p1p2,2270.0,0.2086
p1p2,2280.0,0.2642
p1p2,2290.0,0.3106
p1p2,2300.0,0.4041
p1p2,2310.0,0.3919
p1p2,2320.0,0.3219
p1p2,2330.0,0.3283
p1p2,2340.0,0.1631
p1p2,2350.0,0.0946
p1p2,2360.0,0.1003
p1p2,2370.0,0.0635
p1p2,2380.0,0.048
p1p2,2390.0,-0.0854
p1p2,2400.0,-0.0554
p1p2,2410.0,-0.0414
p1p2,2420.0,-0.0584
p1p2,2430.0,0.0271
p1p2,2440.0,-0.0474
p1p2,2450.0,-0.0953
p1p2,2460.0,-0.1606
p1p2,2470.0,-0.0639
p1p2,2480.0,-0.1064
p1p2,2490.0,-0.0947
p1p2,2500.0,-0.0368
p1p2,2510.0,-0.1281
p1p2,2520.0,-0.112
p1p2,2530.0,-0.11
p1p2,2540.0,-0.0611
p1p2,2550.0,-0.1056
p1p2,2560.0,-0.0627
p1p2,2570.0,-0.0374
p1p2,2580.0,0.001
p1p2,2590.0,-0.0365
p1p2,2600.0,-0.0431
p1p2,2610.0,-0.0099
p1p2,2620.0,-0.0783
p1p2,2630.0,-0.0978
p1p2,2640.0,-0.078
p1p2,2650.0,-0.0546
p1p2,2660.0,-0.0125
p1p2,2670.0,0.0704
p1p2,2680.0,-0.0429
p1p2,2690.0,0.0609
p1p2,2700.0,0.1025
p1p2,2710.0,0.0831
p1p2,2720.0,0.1084
p1p2,2730.0,0.0602
p1p2,2740.0,0.0156
p1p2,2750.0,0.015
p1p2,2760.0,-0.0749
p1p2,2770.0,-0.1085
p1p2,2780.0,-0.1103
p1p2,2790.0,-0.0815
p1p2,2800.0,-0.1018
p1p2,2810.0,-0.2032
p1p2,2820.0,-0.0558
p1p2,2830.0,0.0627
p1p2,2840.0,0.1319
p1p2,2850.0,-0.067
p1p2,2860.0,-0.1696
p1p2,2870.0,-0.1807
p1p2,2880.0,-0.2682
p1p2,2890.0,-0.0706
p1p2,2900.0,-0.0162
p1p2,2910.0,-0.0631
p1p2,2920.0,-0.0112
p1p2,2930.0,0.0527
p1p2,2940.0,0.1221
p1p2,2950.0,0.0954
p1p2,2960.0,-0.0762
p1p2,2970.0,0.0496
p1p2,2980.0,-0.0625
p1p2,2990.0,0.0011
p1p2,3000.0,-0.1046
p1p2,3010.0,-0.1397
p1p2,3020.0,-0.1744
p1p2,3030.0,-0.2762
p1p2,3040.0,-0.2196
p1p2,3050.0,-0.2235
p1p2,3060.0,-0.0779
p1p2,3070.0,-0.141
p1p2,3080.0,-0.1771
p1p2,3090.0,-0.1034
p1p2,3100.0,-0.0661
p1p2,3110.0,-0.0331
p1p2,3120.0,-0.0358
p1p2,3130.0,-0.0201
p1p2,3140.0,0.043
p1p2,3150.0,0.1147
p1p2,3160.0,0.2341
p1p2,3170.0,0.1665
p1p2,3180.0,0.1316
p1p2,3190.0,0.2062
p1p2,3200.0,0.0116
p1p2,3210.0,-0.0068
p1p2,3220.0,0.0075
p1p2,3230.0,0.0602
p1p2,3240.0,0.0986
p1p2,3250.0,0.1164
p1p2,3260.0,0.1202
p1p2,3270.0,0.1451
p1p2,3280.0,0.1005
p1p2,3290.0,0.2827
p1p2,3300.0,0.2229
p1p2,3310.0,0.1789
p1p2,3320.0,0.1508
p1p2,3330.0,0.1088
p1p2,3340.0,0.1258
p1p2,3350.0,0.0445
p1p2,3360.0,0.1241
p1p2,3370.0,0.1829
p1p2,3380.0,0.3012
p1p2,3390.0,0.1616
p1p2,3400.0,0.1164
p1p2,3410.0,0.0073
p1p2,3420.0,-0.0282
p1p2,3430.0,-0.0582
p1p2,3440.0,-0.0644
p1p2,3450.0,-0.1612
p1p2,3460.0,-0.0817
p1p2,3470.0,0.0168
p1p2,3480.0,0.033
p1p2,3490.0,0.0678
p1p2,3500.0,0.0877
p1p2,3510.0,0.1901
p1p2,3520.0,0.1159
p1p2,3530.0,0.0176
p1p2,3540.0,-0.0443
p1p2,3550.0,0.0623
p1p2,3560.0,-0.0308
p1p2,3570.0,0.0253
p1p2,3580.0,-0.0677
p1p2,3590.0,-0.1332
p1p2,3600.0,-0.1177
p1p2,3610.0,-0.0222
p1p2,3620.0,0.06
p1p2,3630.0,0.0346
p1p2,3640.0,0.0258
p1p2,3650.0,0.0262
p1p2,3660.0,0.0568
p1p2,3670.0,-0.1265
p1p2,3680.0,-0.1006
p1p2,3690.0,-0.0446
p1p2,3700.0,-0.1058
p1p2,3710.0,-0.0758
p1p2,3720.0,-0.1185
p1p2,3730.0,-0.0949
p1p2,3740.0,-0.0409
p1p2,3750.0,0.0904
p1p2,3760.0,0.166
p1p2,3770.0,0.2357
p1p2,3780.0,0.3066
p1p2,3790.0,0.3145
p1p2,3800.0,0.2455
p1p2,3810.0,0.1061
p1p2,3820.0,0.1531
p1p2,3830.0,0.1622
p1p2,3840.0,0.0434
p1p2,3850.0,0.0608
p1p2,3860.0,0.017
p1p2,3870.0,-0.0253
p1p2,3880.0,-0.0118
p1p2,3890.0,-0.0654
p1p2,3900.0,-0.0993
p1p2,3910.0,-0.0646
p1p2,3920.0,-0.075
p1p2,3930.0,-0.0871
p1p2,3940.0,-0.033
p1p2,3950.0,0.0687
p1p2,3960.0,0.0765
p1p2,3970.0,-0.0773
p1p2,3980.0,-0.182
p1p2,3990.0,-0.0224
p1p2,4000.0,-0.0019
p1p2,4010.0,-0.0233
p1p2,4020.0,-0.0147
p1p2,4030.0,-0.0526
p1p2,4040.0,-0.1173
p1p2,4050.0,-0.011
p1p2,4060.0,0.1209
p1p2,4070.0,0.116
p1p2,4080.0,0.1818
p1p2,4090.0,0.1284
p1p2,4100.0,0.0652
p1p2,4110.0,0.011
p1p2,4120.0,-0.1523
p1p2,4130.0,-0.0982
p1p2,4140.0,-0.0664
p1p2,4150.0,-0.0075
p1p2,4160.0,0.1163
p1p2,4170.0,0.119
p1p2,4180.0,0.1986
p1p2,4190.0,0.2946
p1p2,4200.0,0.2315
p1p2,4210.0,0.1405
p1p2,4220.0,0.0652
p1p2,4230.0,0.106
p1p2,4240.0,0.2135
p1p2,4250.0,0.1711
p1p2,4260.0,0.2003
p1p2,4270.0,0.1248
p1p2,4280.0,0.1718
p1p2,4290.0,0.2642
p1p2,4300.0,0.1831
p1p2,4310.0,0.1674
p1p2,4320.0,0.2915
p1p2,4330.0,0.4731
p1p2,4340.0,0.5341
p1p2,4350.0,0.4988
p1p2,4360.0,0.4338
p1p2,4370.0,0.4485
p1p2,4380.0,0.1426
p1p2,4390.0,0.0919
p1p2,4400.0,-0.0471
p1p2,4410.0,-0.1658
p1p2,4420.0,-0.1873
p1p2,4430.0,-0.1843
p1p2,4440.0,-0.0777
p1p2,4450.0,0.031
p1p2,4460.0,-0.1956
p1p2,4470.0,-0.3866
p1p2,4480.0,-0.2726
p1p2,4490.0,-0.0785
p1p2,4500.0,-0.0408
p1p2,4510.0,-0.1586
p1p2,4520.0,-0.0503
p1p2,4530.0,0.053
p1p2,4540.0,0.0066
p1p2,4550.0,0.042
p1p2,4560.0,-0.0191
p1p2,4570.0,0.0069
p1p2,4580.0,-0.0732
p1p2,4590.0,-0.085
p1p2,4600.0,0.0223
p1p2,4610.0,0.1215
p1p2,4620.0,0.0982
p1p2,4630.0,0.0933
p1p2,4640.0,-0.0601
p1p2,4650.0,-0.2132
p1p2,4660.0,-0.2965
p1p2,4670.0,-0.3313
p1p2,4680.0,-0.3293
p1p2,4690.0,-0.322
p1p2,4700.0,-0.3946
p1p2,4710.0,-0.3423
p1p2,4720.0,-0.3132
p1p2,4730.0,-0.269
p1p2,4740.0,-0.2461
p1p2,4750.0,-0.2537
p1p2,4760.0,-0.2028
p1p2,4770.0,-0.2269
p1p2,4780.0,-0.1684
p1p2,4790.0,-0.1227
p1p2,4800.0,-0.0741
p1p2,4810.0,-0.0361
p1p2,4820.0,0.1768
p1p2,4830.0,0.2986
p1p2,4840.0,0.1656
p1p2,4850.0,0.1519
p1p2,4860.0,0.0368
p1p2,4870.0,-0.0181
p1p2,4880.0,-0.0706
p1p2,4890.0,-0.1696
p1p2,4900.0,0.0351
p1p2,4910.0,0.1698
p1p2,4920.0,-0.0651
p1p2,4930.0,-0.1354
p1p2,4940.0,-0.0106
p1p2,4950.0,-0.0114
p1p2,4960.0,0.0006
p1p2,4970.0,-0.065
p1p2,4980.0,-0.0695
p1p2,4990.0,-0.097
p1p2,5000.0,-0.2131
p1p2,5010.0,-0.1004
p1p2,5020.0,-0.0905
p1p2,5030.0,0.0039
p1p2,5040.0,-0.0747
p1p2,5050.0,0.0038
p1p2,5060.0,-0.0018
p1p2,5070.0,-0.0029
p1p2,5080.0,0.0047
p1p2,5090.0,0.176
p1p2,5100.0,0.2318
p1p2,5110.0,0.0138
p1p2,5120.0,-0.1306
p1p2,5130.0,-0.2125
p1p2,5140.0,-0.1509
p1p2,5150.0,-0.1452
p1p2,5160.0,-0.1349
p1p2,5170.0,-0.09
p1p2,5180.0,-0.0471
p1p2,5190.0,0.0329
p1p2,5200.0,0.1227
p1p2,5210.0,0.1224
p1p2,5220.0,0.2032
p1p2,5230.0,0.194
p1p2,5240.0,0.067
p1p2,5250.0,-0.0502
p1p2,5260.0,-0.1929
p1p2,5270.0,-0.0026
p1p2,5280.0,-0.0823
p1p2,5290.0,-0.1964
p1p2,5300.0,-0.1272
p1p2,5310.0,-0.0436
p1p2,5320.0,-0.0704
p1p2,5330.0,-0.079
p1p2,5340.0,-0.0933
p1p2,5350.0,-0.0397
p1p2,5360.0,-0.0694
p1p2,5370.0,-0.2255
p1p2,5380.0,0.2303
p1p2,5390.0,-0.0129
p1p2,5400.0,0.0689
p1p2,5410.0,-0.1319
p1p2,5420.0,-0.1848
p1p2,5430.0,-0.2843
p1p2,5440.0,-0.3075
p1p2,5450.0,-0.3467
p1p2,5460.0,-0.549
p1p2,5470.0,-0.3506
p1p2,5480.0,-0.284
p1p2,5490.0,-0.1526
p1p2,5500.0,-0.0355
p1p2,5510.0,-0.381
p1p2,5520.0,-0.3373
p1p2,5530.0,-0.3714
p1p2,5540.0,-0.3618
p1p2,5550.0,-0.1864
p1p2,5560.0,-0.3181
p1p2,5570.0,-0.2902
p1p2,5580.0,-0.113
p1p2,5590.0,-0.1127
p1p2,5600.0,0.1019
p1p2,5610.0,0.0276
p1p2,5620.0,0.0123
p1p2,5630.0,0.0136
p1p2,5640.0,-0.0545
p1p2,5650.0,0.0354
p1p2,5660.0,0.0212
p1p2,5670.0,0.0851
p1p2,5680.0,0.2011
p1p2,5690.0,0.0737
p1p2,5700.0,0.0444
p1p2,5710.0,-0.0511
p1p2,5720.0,-0.0076
p1p2,5730.0,-0.0325
p1p2,5740.0,-0.1434
p1p2,5750.0,-0.3005
p1p2,5760.0,-0.3592
p1p2,5770.0,-0.2366
p1p2,5780.0,-0.2612
p1p2,5790.0,-0.122
p1p2,5800.0,-0.1274
p1p2,5810.0,-0.0787
p1p2,5820.0,0.0997
p1p2,5830.0,0.1188
p1p2,5840.0,0.104
p1p2,5850.0,-0.2352
p1p2,5860.0,-0.3637
p1p2,5870.0,-0.227
p1p2,5880.0,-0.0729
p1p2,5890.0,-0.1183
p1p2,5900.0,-0.1885
p1p2,5910.0,-0.1468
p1p2,5920.0,-0.2613
p1p2,5930.0,-0.3579
p1p2,5940.0,-0.5538
p1p2,5950.0,-0.5663
p1p2,5960.0,-0.1119
p2p3,30.0,0.2461
p2p3,40.0,0.2104
p2p3,50.0,0.1556
p2p3,60.0,0.0187
p2p3,70.0,-0.0842
p2p3,80.0,-0.1083
p2p3,90.0,-0.1362
p2p3,100.0,-0.1508
p2p3,110.0,-0.1731
p2p3,120.0,-0.094
p2p3,130.0,-0.1394
p2p3,140.0,-0.1834
p2p3,150.0,-0.383
p2p3,160.0,-0.2909
p2p3,170.0,-0.1618
p2p3,180.0,0.0671
p2p3,190.0,0.0851
p2p3,200.0,0.0747
p2p3,210.0,0.2024
p2p3,220.0,0.2542
p2p3,230.0,0.2346
p2p3,240.0,0.1065
p2p3,250.0,-0.0352
p2p3,260.0,-0.0644
p2p3,270.0,-0.0759
p2p3,280.0,-0.0898
p2p3,290.0,-0.0114
p2p3,300.0,0.0239
p2p3,310.0,0.1567
p2p3,320.0,0.0211
p2p3,330.0,-0.0589
p2p3,340.0,-0.1415
p2p3,350.0,-0.1479
p2p3,360.0,-0.1107
p2p3,370.0,-0.0952
p2p3,380.0,-0.1403
p2p3,390.0,-0.2061
p2p3,400.0,-0.2341
p2p3,410.0,-0.1313
p2p3,420.0,0.1531
p2p3,430.0,0.0917
p2p3,440.0,0.0611
p2p3,450.0,0.0607
p2p3,460.0,0.2342
p2p3,470.0,-0.1364
p2p3,480.0,-0.0415
p2p3,490.0,-0.0097
p2p3,500.0,-0.1071
p2p3,510.0,0.0442
p2p3,520.0,0.0749
p2p3,530.0,0.0885
p2p3,540.0,0.1578
p2p3,550.0,0.069
p2p3,560.0,0.1682
p2p3,570.0,0.1322
p2p3,580.0,0.1363
p2p3,590.0,0.0831
p2p3,600.0,0.1679
p2p3,610.0,0.2502
p2p3,620.0,0.2211
p2p3,630.0,0.096
p2p3,640.0,-0.0062
p2p3,650.0,-0.2502
p2p3,660.0,0.1222
p2p3,670.0,0.3165
p2p3,680.0,0.1981
p2p3,690.0,0.0976
p2p3,700.0,0.096
p2p3,710.0,0.2913
p2p3,720.0,0.2381
p2p3,730.0,-0.1011
p2p3,740.0,0.2397
p2p3,750.0,0.3114
p2p3,760.0,0.296
p2p3,770.0,0.1327
p2p3,780.0,0.0287
p2p3,790.0,0.1851
p2p3,800.0,0.1509
p2p3,810.0,0.0346
p2p3,820.0,-0.1425
p2p3,830.0,-0.1414
p2p3,840.0,-0.118
p2p3,850.0,-0.0796
p2p3,860.0,-0.1787
p2p3,870.0,-0.1845
p2p3,880.0,0.0289
p2p3,890.0,0.0675
p2p3,900.0,0.1415
p2p3,910.0,-0.11
p2p3,920.0,0.0803
p2p3,930.0,0.0869
p2p3,940.0,-0.0507
p2p3,950.0,-0.1428
p2p3,960.0,-0.433
p2p3,970.0,-0.4543
p2p3,980.0,-0.4265
p2p3,990.0,0.0509
p2p3,1000.0,0.1851
p2p3,1010.0,0.2682
p2p3,1020.0,-0.0118
p2p3,1030.0,-0.3426
p2p3,1040.0,-0.5517
p2p3,1050.0,-0.6125
p2p3,1060.0,-0.411
p2p3,1070.0,-0.2875
p2p3,1080.0,-0.037
p2p3,1090.0,-0.0205
p2p3,1100.0,0.0913
p2p3,1110.0,0.0624
p2p3,1120.0,0.0317
p2p3,1130.0,0.0626
p2p3,1140.0,0.0134
p2p3,1150.0,-0.174
p2p3,1160.0,-0.1758
p2p3,1170.0,-0.2056
p2p3,1180.0,-0.122
p2p3,1190.0,-0.2262
p2p3,1200.0,-0.2258
p2p3,1210.0,-0.1244
p2p3,1220.0,-0.1076
p2p3,1230.0,-0.1279
p2p3,1240.0,0.0785
p2p3,1250.0,0.0753
p2p3,1260.0,0.0771
p2p3,1270.0,0.2074
p2p3,1280.0,0.1296
p2p3,1290.0,0.1364
p2p3,1300.0,0.232
p2p3,1310.0,0.1546
p2p3,1320.0,0.0631
p2p3,1330.0,0.017
p2p3,1340.0,-0.0483
p2p3,1350.0,-0.0729
p2p3,1360.0,-0.2826
p2p3,1370.0,-0.3196
p2p3,1380.0,-0.333
p2p3,1390.0,-0.293
p2p3,1400.0,-0.1487
p2p3,1410.0,-0.0072
p2p3,1420.0,0.0423
p2p3,1430.0,0.1454
p2p3,1440.0,0.1653
p2p3,1450.0,0.2377
p2p3,1460.0,0.2789
p2p3,1470.0,0.2499
p2p3,1480.0,0.2468
p2p3,1490.0,0.174
p2p3,1500.0,-0.0088
p2p3,1510.0,-0.0995
p2p3,1520.0,-0.1547
p2p3,1530.0,-0.1569
p2p3,1540.0,-0.1783
p2p3,1550.0,-0.3693
p2p3,1560.0,-0.4063
p2p3,1570.0,0.2666
p2p3,1580.0,0.1841
p2p3,1590.0,0.0775
p2p3,1600.0,0.0656
p2p3,1610.0,-0.0564
p2p3,1620.0,0.116
p2p3,1630.0,0.1254
p2p3,1640.0,0.1386
p2p3,1650.0,0.0532
p2p3,1660.0,0.0565
p2p3,1670.0,0.0872
p2p3,1680.0,0.1123
p2p3,1690.0,0.1744
p2p3,1700.0,0.1843
p2p3,1710.0,0.2598
p2p3,1720.0,0.2062
p2p3,1730.0,0.0998
p2p3,1740.0,-0.0318
p2p3,1750.0,-0.17
p2p3,1760.0,-0.1192
p2p3,1770.0,-0.1779
p2p3,1780.0,-0.2096
p2p3,1790.0,0.1354
p2p3,1800.0,0.2088
p2p3,1810.0,0.2017
p2p3,1820.0,0.0899
p2p3,1830.0,0.086
p2p3,1840.0,0.1263
p2p3,1850.0,0.167
p2p3,1860.0,0.1924
p2p3,1870.0,0.275
p2p3,1880.0,0.2703
p2p3,1890.0,0.2069
p2p3,1900.0,0.0958
p2p3,1910.0,0.0724
p2p3,1920.0,0.163
p2p3,1930.0,0.07
p2p3,1940.0,0.1437
p2p3,1950.0,0.1217
p2p3,1960.0,0.1201
p2p3,1970.0,0.1848
p2p3,1980.0,-0.0312
p2p3,1990.0,0.0304
p2p3,2000.0,-0.047
p2p3,2010.0,-0.0735
p2p3,2020.0,-0.1487
p2p3,2030.0,-0.1879
p2p3,2040.0,-0.1659
p2p3,2050.0,-0.2631
p2p3,2060.0,-0.147
p2p3,2070.0,-0.0521
p2p3,2080.0,-0.0612
p2p3,2090.0,-0.1049
p2p3,2100.0,-0.0776
p2p3,2110.0,-0.0549
p2p3,2120.0,-0.1176
p2p3,2130.0,-0.1467
p2p3,2140.0,-0.1227
p2p3,2150.0,0.0078
p2p3,2160.0,-0.1691
p2p3,2170.0,-0.1713
p2p3,2180.0,-0.1732
p2p3,2190.0,-0.1419
p2p3,2200.0,-0.2093
p2p3,2210.0,-0.0611
p2p3,2220.0,0.0046
p2p3,2230.0,0.0342
p2p3,2240.0,0.1475
p2p3,2250.0,0.0908
p2p3,2260.0,0.2749
p2p3,2270.0,0.0854
p2p3,2280.0,0.0234
p2p3,2290.0,0.0849
p2p3,2300.0,-0.0939
p2p3,2310.0,-0.1852
p2p3,2320.0,-0.2245
p2p3,2330.0,-0.18
p2p3,2340.0,-0.1797
p2p3,2350.0,-0.0166
p2p3,2360.0,0.0868
p2p3,2370.0,0.2261
p2p3,2380.0,0.1595
p2p3,2390.0,-0.1145
p2p3,2400.0,-0.0954
p2p3,2410.0,-0.0115
p2p3,2420.0,-0.0088
p2p3,2430.0,-0.0184
p2p3,2440.0,-0.0027
p2p3,2450.0,0.1035
p2p3,2460.0,0.3072
p2p3,2470.0,0.2168
p2p3,2480.0,0.1119
p2p3,2490.0,0.1569
p2p3,2500.0,0.2375
p2p3,2510.0,0.248
p2p3,2520.0,0.201
p2p3,2530.0,0.2047
p2p3,2540.0,0.252
p2p3,2550.0,0.2266
p2p3,2560.0,0.1299
p2p3,2570.0,0.1311
p2p3,2580.0,0.0875
p2p3,2590.0,0.0881
p2p3,2600.0,-0.1315
p2p3,2610.0,-0.1631
p2p3,2620.0,-0.0993
p2p3,2630.0,-0.0777
p2p3,2640.0,-0.0618
p2p3,2650.0,-0.1534
p2p3,2660.0,-0.1735
p2p3,2670.0,-0.0342
p2p3,2680.0,-0.0259
p2p3,2690.0,-0.013
p2p3,2700.0,-0.0116
p2p3,2710.0,-0.0625
p2p3,2720.0,-0.0073
p2p3,2730.0,-0.063
p2p3,2740.0,-0.151
p2p3,2750.0,-0.1191
p2p3,2760.0,-0.0354
p2p3,2770.0,-0.1159
p2p3,2780.0,-0.0123
p2p3,2790.0,-0.0616
p2p3,2800.0,-0.0949
p2p3,2810.0,-0.0686
p2p3,2820.0,-0.0534
p2p3,2830.0,0.0581
p2p3,2840.0,0.2902
p2p3,2850.0,0.2029
p2p3,2860.0,0.2099
p2p3,2870.0,-0.059
p2p3,2880.0,0.1609
p2p3,2890.0,0.3572
p2p3,2900.0,0.2255
p2p3,2910.0,0.2221
p2p3,2920.0,0.1755
p2p3,2930.0,0.1726
p2p3,2940.0,0.2548
p2p3,2950.0,0.1012
p2p3,2960.0,0.1461
p2p3,2970.0,0.1834
p2p3,2980.0,0.086
p2p3,2990.0,0.1058
p2p3,3000.0,-0.0517
p2p3,3010.0,0.0039
p2p3,3020.0,-0.2117
p2p3,3030.0,-0.2128
p2p3,3040.0,-0.1711
p2p3,3050.0,-0.1607
p2p3,3060.0,-0.169
p2p3,3070.0,-0.2671
p2p3,3080.0,0.006
p2p3,3090.0,0.205
p2p3,3100.0,0.0832
p2p3,3110.0,-0.1822
p2p3,3120.0,-0.1587
p2p3,3130.0,-0.0836
p2p3,3140.0,-0.0009
p2p3,3150.0,-0.0554
p2p3,3160.0,-0.0533
p2p3,3170.0,-0.0266
p2p3,3180.0,0.016
p2p3,3190.0,0.1126
p2p3,3200.0,0.0412
p2p3,3210.0,-0.0679
p2p3,3220.0,-0.0777
p2p3,3230.0,-0.1189
p2p3,3240.0,-0.1132
p2p3,3250.0,-0.0498
p2p3,3260.0,-0.1134
p2p3,3270.0,-0.091
p2p3,3280.0,-0.0152
p2p3,3290.0,-0.0434
p2p3,3300.0,-0.0764
p2p3,3310.0,-0.1108
p2p3,3320.0,0.0646
p2p3,3330.0,0.028
p2p3,3340.0,-0.0822
p2p3,3350.0,-0.1652
p2p3,3360.0,-0.0725
p2p3,3370.0,-0.1007
p2p3,3380.0,-0.0519
p2p3,3390.0,0.0328
p2p3,3400.0,0.1381
p2p3,3410.0,0.1178
p2p3,3420.0,0.0354
p2p3,3430.0,0.0635
p2p3,3440.0,-0.0582
p2p3,3450.0,-0.1965
p2p3,3460.0,-0.1416
p2p3,3470.0,-0.0541
p2p3,3480.0,-0.0249
p2p3,3490.0,0.0066
p2p3,3500.0,-0.0486
p2p3,3510.0,-0.0721
p2p3,3520.0,-0.1019
p2p3,3530.0,-0.0351
p2p3,3540.0,-0.0466
p2p3,3550.0,-0.2009
p2p3,3560.0,-0.1681
p2p3,3570.0,-0.0602
p2p3,3580.0,-0.0085
p2p3,3590.0,-0.0865
p2p3,3600.0,-0.0023
p2p3,3610.0,0.2364
p2p3,3620.0,0.2438
p2p3,3630.0,0.1619
p2p3,3640.0,0.1457
p2p3,3650.0,0.1523
p2p3,3660.0,0.0138
p2p3,3670.0,-0.0012
p2p3,3680.0,0.0569
p2p3,3690.0,-0.0353
p2p3,3700.0,-0.2147
p2p3,3710.0,-0.1649
p2p3,3720.0,-0.0773
p2p3,3730.0,-0.0906
p2p3,3740.0,-0.2431
p2p3,3750.0,-0.232
p2p3,3760.0,-0.1746
p2p3,3770.0,-0.0766
p2p3,3780.0,-0.0241
p2p3,3790.0,0.0509
p2p3,3800.0,0.0728
p2p3,3810.0,-0.0168
p2p3,3820.0,-0.0894
p2p3,3830.0,-0.1026
p2p3,3840.0,-0.1289
p2p3,3850.0,-0.1231
p2p3,3860.0,-0.0776
p2p3,3870.0,0.0087
p2p3,3880.0,0.1103
p2p3,3890.0,0.097
p2p3,3900.0,0.0684
p2p3,3910.0,0.0624
p2p3,3920.0,0.0481
p2p3,3930.0,-0.0781
p2p3,3940.0,-0.0754
p2p3,3950.0,-0.1028
p2p3,3960.0,0.0285
p2p3,3970.0,0.1608
p2p3,3980.0,0.3527
p2p3,3990.0,0.2623
p2p3,4000.0,0.3102
p2p3,4010.0,0.1441
p2p3,4020.0,0.0633
p2p3,4030.0,0.0488
p2p3,4040.0,0.0876
p2p3,4050.0,0.1317
p2p3,4060.0,0.1043
p2p3,4070.0,0.2791
p2p3,4080.0,0.32
p2p3,4090.0,0.3043
p2p3,4100.0,0.3213
p2p3,4110.0,0.2463
p2p3,4120.0,0.1901
p2p3,4130.0,0.1008
p2p3,4140.0,0.1707
p2p3,4150.0,0.1831
p2p3,4160.0,-0.122
p2p3,4170.0,0.1005
p2p3,4180.0,0.0414
p2p3,4190.0,0.0202
p2p3,4200.0,0.0167
p2p3,4210.0,0.051
p2p3,4220.0,0.3766
p2p3,4230.0,0.1461
p2p3,4240.0,0.0923
p2p3,4250.0,0.0025
p2p3,4260.0,0.0242
p2p3,4270.0,-0.0202
p2p3,4280.0,-0.0708
p2p3,4290.0,-0.0211
p2p3,4300.0,-0.0301
p2p3,4310.0,0.0075
p2p3,4320.0,-0.1245
p2p3,4330.0,-0.2154
p2p3,4340.0,-0.2513
p2p3,4350.0,-0.241
p2p3,4360.0,-0.095
p2p3,4370.0,-0.0555
p2p3,4380.0,0.0059
p2p3,4390.0,-0.0616
p2p3,4400.0,0.2737
p2p3,4410.0,0.379
p2p3,4420.0,0.3974
p2p3,4430.0,0.1681
p2p3,4440.0,0.0024
p2p3,4450.0,-0.1936
p2p3,4460.0,0.0173
p2p3,4470.0,0.0003
p2p3,4480.0,-0.1009
p2p3,4490.0,-0.0946
p2p3,4500.0,-0.1519
p2p3,4510.0,0.2286
p2p3,4520.0,0.0778
p2p3,4530.0,0.1049
p2p3,4540.0,0.1599
p2p3,4550.0,0.3864
p2p3,4560.0,0.3774
p2p3,4570.0,0.1904
p2p3,4580.0,0.1626
p2p3,4590.0,-0.0324
p2p3,4600.0,0.0247
p2p3,4610.0,-0.1215
p2p3,4620.0,-0.0775
p2p3,4630.0,0.0482
p2p3,4640.0,-0.1192
p2p3,4650.0,-0.1311
p2p3,4660.0,-0.2677
p2p3,4670.0,-0.1661
p2p3,4680.0,-0.0367
p2p3,4690.0,-0.1026
p2p3,4700.0,-0.1083
p2p3,4710.0,-0.1866
p2p3,4720.0,-0.1925
p2p3,4730.0,-0.1194
p2p3,4740.0,0.0176
p2p3,4750.0,0.0695
p2p3,4760.0,0.1821
p2p3,4770.0,0.2255
p2p3,4780.0,0.2022
p2p3,4790.0,0.0802
p2p3,4800.0,-0.0031
p2p3,4810.0,-0.0091
p2p3,4820.0,0.0166
p2p3,4830.0,-0.0071
p2p3,4840.0,0.1333
p2p3,4850.0,0.1532
p2p3,4860.0,0.16
p2p3,4870.0,0.2505
p2p3,4880.0,0.1797
p2p3,4890.0,0.1244
p2p3,4900.0,0.1453
p2p3,4910.0,0.2288
p2p3,4920.0,0.0484
p2p3,4930.0,-0.126
p2p3,4940.0,-0.0645
p2p3,4950.0,0.0133
p2p3,4960.0,0.0451
p2p3,4970.0,0.0544
p2p3,4980.0,-0.1462
p2p3,4990.0,-0.1041
p2p3,5000.0,-0.0279
p2p3,5010.0,-0.0419
p2p3,5020.0,-0.0118
p2p3,5030.0,-0.0379
p2p3,5040.0,0.2022
p2p3,5050.0,0.2596
p2p3,5060.0,0.3026
p2p3,5070.0,0.3699
p2p3,5080.0,0.3822
p2p3,5090.0,0.2682
p2p3,5100.0,0.2516
p2p3,5110.0,0.279
p2p3,5120.0,0.1435
p2p3,5130.0,0.1288
p2p3,5140.0,0.0373
p2p3,5150.0,0.091
p2p3,5160.0,0.1961
p2p3,5170.0,-0.0468
p2p3,5180.0,-0.0413
p2p3,5190.0,-0.0556
p2p3,5200.0,-0.0367
p2p3,5210.0,-0.0501
p2p3,5220.0,-0.0674
p2p3,5230.0,0.0099
p2p3,5240.0,0.0143
p2p3,5250.0,0.129
p2p3,5260.0,0.0434
p2p3,5270.0,0.2354
p2p3,5280.0,0.1829
p2p3,5290.0,0.2296
p2p3,5300.0,0.2985
p2p3,5310.0,0.2095
p2p3,5320.0,0.2582
p2p3,5330.0,0.2376
p2p3,5340.0,0.12
p2p3,5350.0,-0.0555
p2p3,5360.0,-0.1965
p2p3,5370.0,-0.2609
p2p3,5380.0,-0.0989
p2p3,5390.0,0.0072
p2p3,5400.0,-0.0225
p2p3,5410.0,0.1355
p2p3,5420.0,0.1462
p2p3,5430.0,0.1324
p2p3,5440.0,0.131
p2p3,5450.0,-0.363
p2p3,5460.0,-0.3518
p2p3,5470.0,-0.3253
p2p3,5480.0,-0.3195
p2p3,5490.0,-0.3114
p2p3,5500.0,-0.4136
p2p3,5510.0,-0.3741
p2p3,5520.0,-0.2959
p2p3,5530.0,-0.3736
p2p3,5540.0,-0.1728
p2p3,5550.0,0.0965
p2p3,5560.0,0.2432
p2p3,5570.0,0.2972
p2p3,5580.0,-0.0334
p2p3,5590.0,-0.1292
p2p3,5600.0,-0.1376
p2p3,5610.0,-0.0425
p2p3,5620.0,-0.0048
p2p3,5630.0,0.1407
p2p3,5640.0,0.1106
p2p3,5650.0,-0.0558
p2p3,5660.0,0.0323
p2p3,5670.0,0.2475
p2p3,5680.0,0.4356
p2p3,5690.0,0.4155
p2p3,5700.0,0.2392
p2p3,5710.0,0.0562
p2p3,5720.0,0.1713
p2p3,5730.0,0.1504
p2p3,5740.0,0.0562
p2p3,5750.0,-0.1118
p2p3,5760.0,-0.0722
p2p3,5770.0,0.1127
p2p3,5780.0,-0.0777
p2p3,5790.0,-0.0876
p2p3,5800.0,-0.198
p2p3,5810.0,-0.2445
p2p3,5820.0,-0.2758
p2p3,5830.0,-0.0843
p2p3,5840.0,-0.0607
p2p3,5850.0,-0.2989
p2p3,5860.0,-0.2082
p2p3,5870.0,-0.1637
p2p3,5880.0,0.0689
p2p3,5890.0,0.302
p2p3,5900.0,0.4031
p2p3,5910.0,0.5259
p2p3,5920.0,0.7051
p2p3,5930.0,0.7772
p2p3,5940.0,0.7103
p2p3,5950.0,0.5616
p2p3,5960.0,0.1875
p3p1,30.0,-0.3185
p3p1,40.0,-0.4267
p3p1,50.0,-0.4248
p3p1,60.0,-0.5231
p3p1,70.0,-0.2659
p3p1,80.0,-0.1268
p3p1,90.0,-0.1553
p3p1,100.0,-0.0709
p3p1,110.0,-0.1127
p3p1,120.0,-0.1458
p3p1,130.0,-0.1253
p3p1,140.0,-0.1112
p3p1,150.0,-0.0013
p3p1,160.0,-0.096
p3p1,170.0,0.0663
p3p1,180.0,0.3041
p3p1,190.0,0.2038
p3p1,200.0,0.1277
p3p1,210.0,-0.0551
p3p1,220.0,0.0417
p3p1,230.0,0.0785
p3p1,240.0,0.1089
p3p1,250.0,0.1529
p3p1,260.0,0.1595
p3p1,270.0,0.0901
p3p1,280.0,0.0564
p3p1,290.0,-0.0388
p3p1,300.0,-0.1667
p3p1,310.0,-0.3185
p3p1,320.0,-0.3588
p3p1,330.0,-0.4327
p3p1,340.0,-0.5074
p3p1,350.0,-0.296
p3p1,360.0,-0.2252
p3p1,370.0,-0.1166
p3p1,380.0,-0.0004
p3p1,390.0,0.0113
p3p1,400.0,0.1317
p3p1,410.0,0.0408
p3p1,420.0,0.1355
p3p1,430.0,0.1424
p3p1,440.0,0.138
p3p1,450.0,0.0062
p3p1,460.0,-0.0684
p3p1,470.0,-0.2739
p3p1,480.0,-0.3731
p3p1,490.0,-0.2936
p3p1,500.0,-0.3121
p3p1,510.0,-0.0738
p3p1,520.0,0.0425
p3p1,530.0,0.176
p3p1,540.0,0.2429
p3p1,550.0,0.3022
p3p1,560.0,0.5291
p3p1,570.0,0.5619
p3p1,580.0,0.5652
p3p1,590.0,0.413
p3p1,600.0,0.0064
p3p1,610.0,-0.0871
p3p1,620.0,-0.0938
p3p1,630.0,-0.1575
p3p1,640.0,-0.14
p3p1,650.0,-0.0137
p3p1,660.0,0.3004
p3p1,670.0,0.4472
p3p1,680.0,0.4397
p3p1,690.0,0.545
p3p1,700.0,0.3826
p3p1,710.0,0.3956
p3p1,720.0,0.076
p3p1,730.0,0.0266
p3p1,740.0,0.1442
p3p1,750.0,0.1897
p3p1,760.0,0.1662
p3p1,770.0,0.2038
p3p1,780.0,0.2238
p3p1,790.0,-0.0109
p3p1,800.0,-0.1364
p3p1,810.0,-0.1793
p3p1,820.0,-0.0853
p3p1,830.0,-0.1712
p3p1,840.0,-0.3092
p3p1,850.0,0.1238
p3p1,860.0,0.1216
p3p1,870.0,0.1714
p3p1,880.0,0.1336
p3p1,890.0,0.1382
p3p1,900.0,0.0055
p3p1,910.0,-0.1301
p3p1,920.0,-0.0931
p3p1,930.0,-0.1881
p3p1,940.0,-0.2623
p3p1,950.0,-0.2411
p3p1,960.0,0.0147
p3p1,970.0,-0.1483
p3p1,980.0,-0.1758
p3p1,990.0,-0.1585
p3p1,1000.0,-0.1905
p3p1,1010.0,-0.2402
p3p1,1020.0,-0.3681
p3p1,1030.0,-0.4114
p3p1,1040.0,-0.2514
p3p1,1050.0,-0.2061
p3p1,1060.0,-0.0807
p3p1,1070.0,0.0578
p3p1,1080.0,0.0277
p3p1,1090.0,-0.1875
p3p1,1100.0,-0.38
p3p1,1110.0,-0.3658
p3p1,1120.0,-0.4706
p3p1,1130.0,-0.2249
p3p1,1140.0,-0.147
p3p1,1150.0,-0.3468
p3p1,1160.0,-0.2921
p3p1,1170.0,-0.295
p3p1,1180.0,-0.2493
p3p1,1190.0,-0.3891
p3p1,1200.0,-0.4116
p3p1,1210.0,-0.2709
p3p1,1220.0,-0.3219
p3p1,1230.0,-0.293
p3p1,1240.0,0.0391
p3p1,1250.0,0.0278
p3p1,1260.0,-0.0302
p3p1,1270.0,-0.0094
p3p1,1280.0,-0.012
p3p1,1290.0,-0.0709
p3p1,1300.0,0.0121
p3p1,1310.0,0.0268
p3p1,1320.0,0.0763
p3p1,1330.0,0.1093
p3p1,1340.0,0.1474
p3p1,1350.0,0.2549
p3p1,1360.0,0.0683
p3p1,1370.0,0.0173
p3p1,1380.0,0.0388
p3p1,1390.0,-0.0762
p3p1,1400.0,-0.0695
p3p1,1410.0,-0.0696
p3p1,1420.0,0.0544
p3p1,1430.0,-0.06
p3p1,1440.0,0.004
p3p1,1450.0,0.0014
p3p1,1460.0,0.0406
p3p1,1470.0,-0.0247
p3p1,1480.0,-0.0743
p3p1,1490.0,-0.0542
p3p1,1500.0,-0.0529
p3p1,1510.0,-0.0338
p3p1,1520.0,-0.0124
p3p1,1530.0,-0.0141
p3p1,1540.0,-0.0308
p3p1,1550.0,-0.1254
p3p1,1560.0,0.0048
p3p1,1570.0,0.0802
p3p1,1580.0,-0.0072
p3p1,1590.0,-0.0769
p3p1,1600.0,0.023
p3p1,1610.0,0.221
p3p1,1620.0,0.1241
p3p1,1630.0,0.1692
p3p1,1640.0,0.3397
p3p1,1650.0,0.203
p3p1,1660.0,0.1569
p3p1,1670.0,0.0389
p3p1,1680.0,-0.0387
p3p1,1690.0,-0.0018
p3p1,1700.0,-0.0284
p3p1,1710.0,0.0218
p3p1,1720.0,0.0112
p3p1,1730.0,-0.0067
p3p1,1740.0,-0.0231
p3p1,1750.0,0.0025
p3p1,1760.0,-0.047
p3p1,1770.0,-0.1383
p3p1,1780.0,-0.2375
p3p1,1790.0,-0.3319
p3p1,1800.0,-0.4621
p3p1,1810.0,-0.4055
p3p1,1820.0,0.0182
p3p1,1830.0,0.359
p3p1,1840.0,0.2365
p3p1,1850.0,-0.0903
p3p1,1860.0,-0.3367
p3p1,1870.0,-0.3416
p3p1,1880.0,-0.2575
p3p1,1890.0,-0.1415
p3p1,1900.0,0.0108
p3p1,1910.0,0.0389
p3p1,1920.0,0.0636
p3p1,1930.0,0.1441
p3p1,1940.0,0.1019
p3p1,1950.0,0.1096
p3p1,1960.0,0.0676
p3p1,1970.0,0.0847
p3p1,1980.0,0.1826
p3p1,1990.0,0.1656
p3p1,2000.0,0.1763
p3p1,2010.0,0.1552
p3p1,2020.0,0.1577
p3p1,2030.0,0.091
p3p1,2040.0,-0.0722
p3p1,2050.0,-0.0943
p3p1,2060.0,0.0301
p3p1,2070.0,-0.0054
p3p1,2080.0,-0.0285
p3p1,2090.0,-0.0274
p3p1,2100.0,-0.1172
p3p1,2110.0,-0.0798
p3p1,2120.0,-0.0016
p3p1,2130.0,-0.0055
p3p1,2140.0,-0.0439
p3p1,2150.0,0.0019
p3p1,2160.0,0.1552
p3p1,2170.0,0.0522
p3p1,2180.0,-0.0335
p3p1,2190.0,-0.1493
p3p1,2200.0,-0.0946
p3p1,2210.0,-0.0964
p3p1,2220.0,-0.1595
p3p1,2230.0,-0.0714
p3p1,2240.0,0.0581
p3p1,2250.0,0.0814
p3p1,2260.0,0.1002
p3p1,2270.0,0.1572
p3p1,2280.0,0.1897
p3p1,2290.0,0.1713
p3p1,2300.0,-0.0348
p3p1,2310.0,-0.0382
p3p1,2320.0,-0.3133
p3p1,2330.0,-0.1613
p3p1,2340.0,-0.0583
p3p1,2350.0,-0.1225
p3p1,2360.0,-0.1219
p3p1,2370.0,-0.3298
p3p1,2380.0,-0.321
p3p1,2390.0,-0.1902
p3p1,2400.0,-0.114
p3p1,2410.0,0.1071
p3p1,2420.0,0.0554
p3p1,2430.0,0.0043
p3p1,2440.0,-0.0087
p3p1,2450.0,0.0101
p3p1,2460.0,-0.0278
p3p1,2470.0,0.0825
p3p1,2480.0,-0.209
p3p1,2490.0,-0.2412
p3p1,2500.0,-0.1676
p3p1,2510.0,-0.1088
p3p1,2520.0,-0.0993
p3p1,2530.0,-0.0739
p3p1,2540.0,0.0013
p3p1,2550.0,0.0922
p3p1,2560.0,0.0633
p3p1,2570.0,0.1029
p3p1,2580.0,0.1446
p3p1,2590.0,0.1218
p3p1,2600.0,0.0862
p3p1,2610.0,0.0597
p3p1,2620.0,0.1155
p3p1,2630.0,-0.0017
p3p1,2640.0,-0.0278
p3p1,2650.0,-0.0621
p3p1,2660.0,-0.0079
p3p1,2670.0,0.0457
p3p1,2680.0,0.0388
p3p1,2690.0,0.0075
p3p1,2700.0,0.0163
p3p1,2710.0,-0.0876
p3p1,2720.0,-0.1094
p3p1,2730.0,-0.2701
p3p1,2740.0,-0.2323
p3p1,2750.0,-0.0635
p3p1,2760.0,-0.0278
p3p1,2770.0,0.017
p3p1,2780.0,0.0078
p3p1,2790.0,0.1601
p3p1,2800.0,0.2122
p3p1,2810.0,0.0791
p3p1,2820.0,0.1286
p3p1,2830.0,-0.0006
p3p1,2840.0,-0.015
p3p1,2850.0,0.0502
p3p1,2860.0,0.0561
p3p1,2870.0,0.0871
p3p1,2880.0,0.1199
p3p1,2890.0,0.0938
p3p1,2900.0,-0.0874
p3p1,2910.0,-0.093
p3p1,2920.0,-0.1223
p3p1,2930.0,-0.0632
p3p1,2940.0,0.0323
p3p1,2950.0,0.0796
p3p1,2960.0,0.1151
p3p1,2970.0,-0.0291
p3p1,2980.0,0.0324
p3p1,2990.0,0.085
p3p1,3000.0,0.1455
p3p1,3010.0,-0.0171
p3p1,3020.0,0.0528
p3p1,3030.0,0.0752
p3p1,3040.0,-0.0602
p3p1,3050.0,-0.1603
p3p1,3060.0,-0.1659
p3p1,3070.0,-0.0122
p3p1,3080.0,-0.0149
p3p1,3090.0,-0.1086
p3p1,3100.0,-0.1839
p3p1,3110.0,-0.0801
p3p1,3120.0,-0.1032
p3p1,3130.0,-0.2242
p3p1,3140.0,-0.2117
p3p1,3150.0,-0.2261
p3p1,3160.0,-0.2531
p3p1,3170.0,-0.2266
p3p1,3180.0,-0.2216
p3p1,3190.0,-0.0674
p3p1,3200.0,0.0409
p3p1,3210.0,0.0634
p3p1,3220.0,0.0722
p3p1,3230.0,0.0219
p3p1,3240.0,0.0876
p3p1,3250.0,0.1426
p3p1,3260.0,0.0723
p3p1,3270.0,0.0407
p3p1,3280.0,0.0196
p3p1,3290.0,0.0557
p3p1,3300.0,0.0691
p3p1,3310.0,0.0213
p3p1,3320.0,-0.029
p3p1,3330.0,0.0765
p3p1,3340.0,0.1404
p3p1,3350.0,0.0774
p3p1,3360.0,0.073
p3p1,3370.0,-0.0645
p3p1,3380.0,0.0046
p3p1,3390.0,-0.2433
p3p1,3400.0,-0.1013
p3p1,3410.0,-0.0234
p3p1,3420.0,-0.1009
p3p1,3430.0,-0.0094
p3p1,3440.0,-0.0585
p3p1,3450.0,0.0545
p3p1,3460.0,-0.0401
p3p1,3470.0,-0.245
p3p1,3480.0,-0.2345
p3p1,3490.0,-0.2857
p3p1,3500.0,-0.2607
p3p1,3510.0,-0.1256
p3p1,3520.0,-0.1471
p3p1,3530.0,-0.1212
p3p1,3540.0,-0.1486
p3p1,3550.0,-0.0924
p3p1,3560.0,-0.0298
p3p1,3570.0,-0.0313
p3p1,3580.0,0.0657
p3p1,3590.0,0.1882
p3p1,3600.0,0.0631
p3p1,3610.0,0.0409
p3p1,3620.0,0.027
p3p1,3630.0,0.081
p3p1,3640.0,0.0071
p3p1,3650.0,-0.0669
p3p1,3660.0,-0.0721
p3p1,3670.0,-0.074
p3p1,3680.0,-0.079
p3p1,3690.0,0.0208
p3p1,3700.0,-0.0157
p3p1,3710.0,0.0741
p3p1,3720.0,0.0658
p3p1,3730.0,-0.009
p3p1,3740.0,0.0778
p3p1,3750.0,0.0026
p3p1,3760.0,0.1161
p3p1,3770.0,0.0754
p3p1,3780.0,0.1339
p3p1,3790.0,0.1925
p3p1,3800.0,0.263
p3p1,3810.0,0.2719
p3p1,3820.0,0.1474
p3p1,3830.0,0.1116
p3p1,3840.0,0.0804
p3p1,3850.0,0.0842
p3p1,3860.0,-0.046
p3p1,3870.0,-0.1484
p3p1,3880.0,-0.0272
p3p1,3890.0,-0.0674
p3p1,3900.0,0.1013
p3p1,3910.0,0.0331
p3p1,3920.0,0.0753
p3p1,3930.0,0.1675
p3p1,3940.0,0.0574
p3p1,3950.0,0.1038
p3p1,3960.0,-0.1361
p3p1,3970.0,-0.1784
p3p1,3980.0,-0.1903
p3p1,3990.0,-0.2122
p3p1,4000.0,-0.2394
p3p1,4010.0,-0.2449
p3p1,4020.0,-0.0831
p3p1,4030.0,0.1475
p3p1,4040.0,0.1083
p3p1,4050.0,-0.0213
p3p1,4060.0,0.1113
p3p1,4070.0,-0.0609
p3p1,4080.0,-0.094
p3p1,4090.0,-0.0532
p3p1,4100.0,-0.0724
p3p1,4110.0,0.0388
p3p1,4120.0,-0.0191
p3p1,4130.0,0.2419
p3p1,4140.0,0.1365
p3p1,4150.0,0.1017
p3p1,4160.0,0.0317
p3p1,4170.0,0.0764
p3p1,4180.0,0.0809
p3p1,4190.0,-0.2022
p3p1,4200.0,-0.2463
p3p1,4210.0,-0.3691
p3p1,4220.0,-0.0486
p3p1,4230.0,0.108
p3p1,4240.0,0.232
p3p1,4250.0,-0.1031
p3p1,4260.0,-0.2131
p3p1,4270.0,-0.0891
p3p1,4280.0,-0.1366
p3p1,4290.0,0.0585
p3p1,4300.0,0.1392
p3p1,4310.0,0.112
p3p1,4320.0,0.1035
p3p1,4330.0,0.007
p3p1,4340.0,-0.1184
p3p1,4350.0,-0.1376
p3p1,4360.0,-0.2611
p3p1,4370.0,-0.1642
p3p1,4380.0,-0.1657
p3p1,4390.0,-0.2291
p3p1,4400.0,-0.1037
p3p1,4410.0,-0.1336
p3p1,4420.0,-0.021
p3p1,4430.0,0.1681
p3p1,4440.0,0.1793
p3p1,4450.0,0.1955
p3p1,4460.0,-0.0347
p3p1,4470.0,-0.158
p3p1,4480.0,-0.205
p3p1,4490.0,-0.4184
p3p1,4500.0,-0.4272
p3p1,4510.0,-0.2365
p3p1,4520.0,-0.0582
p3p1,4530.0,0.0582
p3p1,4540.0,0.0033
p3p1,4550.0,0.1452
p3p1,4560.0,0.1007
p3p1,4570.0,-0.1236
p3p1,4580.0,-0.01
p3p1,4590.0,0.0205
p3p1,4600.0,0.1119
p3p1,4610.0,0.1251
p3p1,4620.0,0.1239
p3p1,4630.0,0.0931
p3p1,4640.0,0.0768
p3p1,4650.0,-0.027
p3p1,4660.0,-0.0875
p3p1,4670.0,-0.2131
p3p1,4680.0,-0.1988
p3p1,4690.0,-0.2276
p3p1,4700.0,-0.1642
p3p1,4710.0,-0.0925
p3p1,4720.0,-0.0107
p3p1,4730.0,0.0054
p3p1,4740.0,-0.0653
p3p1,4750.0,-0.0112
p3p1,4760.0,-0.0985
p3p1,4770.0,-0.1145
p3p1,4780.0,0.0059
p3p1,4790.0,-0.0267
p3p1,4800.0,-0.0754
p3p1,4810.0,-0.0622
p3p1,4820.0,0.1151
p3p1,4830.0,0.1594
p3p1,4840.0,0.07
p3p1,4850.0,0.2279
p3p1,4860.0,0.2881
p3p1,4870.0,-0.0136
p3p1,4880.0,0.2901
p3p1,4890.0,0.4179
p3p1,4900.0,0.516
p3p1,4910.0,0.4069
p3p1,4920.0,0.1005
p3p1,4930.0,0.1407
p3p1,4940.0,0.4319
p3p1,4950.0,0.4222
p3p1,4960.0,0.1168
p3p1,4970.0,-0.3225
p3p1,4980.0,-0.2659
p3p1,4990.0,-0.1721
p3p1,5000.0,-0.126
p3p1,5010.0,-0.1617
p3p1,5020.0,-0.2581
p3p1,5030.0,-0.0336
p3p1,5040.0,0.1199
p3p1,5050.0,-0.013
p3p1,5060.0,-0.2814
p3p1,5070.0,-0.314
p3p1,5080.0,-0.2254
p3p1,5090.0,-0.0613
p3p1,5100.0,-0.0614
p3p1,5110.0,-0.2807
p3p1,5120.0,-0.0923
p3p1,5130.0,-0.0803
p3p1,5140.0,-0.0252
p3p1,5150.0,-0.0044
p3p1,5160.0,-0.0895
p3p1,5170.0,-0.1497
p3p1,5180.0,-0.1771
p3p1,5190.0,-0.2291
p3p1,5200.0,-0.3309
p3p1,5210.0,-0.3679
p3p1,5220.0,-0.1331
p3p1,5230.0,-0.1452
p3p1,5240.0,-0.2372
p3p1,5250.0,-0.2458
p3p1,5260.0,-0.0338
p3p1,5270.0,0.3354
p3p1,5280.0,0.2705
p3p1,5290.0,-0.0287
p3p1,5300.0,-0.141
p3p1,5310.0,-0.271
p3p1,5320.0,-0.2191
p3p1,5330.0,-0.1502
p3p1,5340.0,-0.0931
p3p1,5350.0,0.1161
p3p1,5360.0,0.1714
p3p1,5370.0,0.0632
p3p1,5380.0,-0.1461
p3p1,5390.0,-0.0954
p3p1,5400.0,-0.2444
p3p1,5410.0,-0.5136
p3p1,5420.0,-0.5262
p3p1,5430.0,-0.3804
p3p1,5440.0,-0.2365
p3p1,5450.0,0.1753
p3p1,5460.0,0.091
p3p1,5470.0,0.208
p3p1,5480.0,0.24
p3p1,5490.0,0.0714
p3p1,5500.0,0.1023
p3p1,5510.0,0.3853
p3p1,5520.0,0.4468
p3p1,5530.0,0.2674
p3p1,5540.0,-0.0824
p3p1,5550.0,-0.2131
p3p1,5560.0,-0.2135
p3p1,5570.0,-0.2343
p3p1,5580.0,-0.1716
p3p1,5590.0,0.1484
p3p1,5600.0,-0.0615
p3p1,5610.0,-0.0201
p3p1,5620.0,0.037
p3p1,5630.0,0.1348
p3p1,5640.0,0.0568
p3p1,5650.0,-0.0139
p3p1,5660.0,0.0352
p3p1,5670.0,0.0846
p3p1,5680.0,0.1348
p3p1,5690.0,0.2077
p3p1,5700.0,0.2277
p3p1,5710.0,0.0831
p3p1,5720.0,0.1033
p3p1,5730.0,0.0196
p3p1,5740.0,0.0066
p3p1,5750.0,0.0246
p3p1,5760.0,0.01
p3p1,5770.0,-0.094
p3p1,5780.0,-0.127
p3p1,5790.0,-0.0542
p3p1,5800.0,0.0055
p3p1,5810.0,0.0366
p3p1,5820.0,0.0911
p3p1,5830.0,0.1895
p3p1,5840.0,0.1712
p3p1,5850.0,0.1674
p3p1,5860.0,0.2427
p3p1,5870.0,0.1804
p3p1,5880.0,0.2629
p3p1,5890.0,-0.0395
p3p1,5900.0,-0.145
p3p1,5910.0,-0.1916
p3p1,5920.0,-0.3215
p3p1,5930.0,-0.3417
p3p1,5940.0,-0.5186
p3p1,5950.0,-0.4401
p3p1,5960.0,-0.1192
